<?xml version="1.0" encoding="UTF-8"?>
<!DOCTYPE plist PUBLIC "-//Apple//DTD PLIST 1.0//EN" "http://www.apple.com/DTDs/PropertyList-1.0.dtd"/>

<plist version="1.0">
    <dict>
        <key>ROOT</key>
        <array>
            <dict>
                <key>id</key>
                <string>117</string>
                <key>className</key>
                <string>PTModelComponentCharacterGameplaySettings</string>
                <key>Name</key>
                <dict>
                    <key>visible</key>
                    <string>0</string>
                    <key>value</key>
                    <string>Character Gameplay Settings</string>
                </dict>
                <key>Max Speed</key>
                <dict>
                    <key>value</key>
                    <string>{16.667,0.000}</string>
                </dict>
                <key>Bounce Force</key>
                <dict>
                    <key>value</key>
                    <string>{0.000,0.000}</string>
                </dict>
                <key>Jump Force</key>
                <dict>
                    <key>value</key>
                    <string>{0.000,10.000}</string>
                </dict>
                <key>Jump Timeout</key>
                <dict>
                    <key>value</key>
                    <string>100.000000</string>
                </dict>
                <key>Platform Friction</key>
                <dict>
                    <key>value</key>
                    <string>0.200000</string>
                </dict>
                <key>Rotation Drag</key>
                <dict>
                    <key>value</key>
                    <string>0.000000</string>
                </dict>
                <key>Air Drag</key>
                <dict>
                    <key>value</key>
                    <string>{1.000,1.000}</string>
                </dict>
                <key>Fixed Rotation</key>
                <dict>
                    <key>value</key>
                    <string>1</string>
                </dict>
            </dict>
            <dict>
                <key>id</key>
                <string>1921</string>
                <key>className</key>
                <string>PTModelComponentCharacterGameplaySettings</string>
                <key>Name</key>
                <dict>
                    <key>visible</key>
                    <string>0</string>
                    <key>value</key>
                    <string>Character Gameplay Settings</string>
                </dict>
                <key>Max Speed</key>
                <dict>
                    <key>value</key>
                    <string>{27.000,0.000}</string>
                </dict>
                <key>Bounce Force</key>
                <dict>
                    <key>value</key>
                    <string>{0.000,50.000}</string>
                </dict>
                <key>Jump Force</key>
                <dict>
                    <key>value</key>
                    <string>{0.000,0.000}</string>
                </dict>
                <key>Air Drag</key>
                <dict>
                    <key>value</key>
                    <string>{1.000,1.000}</string>
                </dict>
            </dict>
            <dict>
                <key>id</key>
                <string>1946</string>
                <key>className</key>
                <string>PTModelComponentCharacterGameplaySettings</string>
                <key>Name</key>
                <dict>
                    <key>visible</key>
                    <string>0</string>
                    <key>value</key>
                    <string>Character Gameplay Settings</string>
                </dict>
                <key>Max Speed</key>
                <dict>
                    <key>value</key>
                    <string>{16.667,0.000}</string>
                    <key>animationsX</key>
                    <array/>
                    <key>animationsY</key>
                    <array/>
                </dict>
                <key>Bounce Force</key>
                <dict>
                    <key>value</key>
                    <string>{0.000,0.000}</string>
                    <key>animationsX</key>
                    <array/>
                    <key>animationsY</key>
                    <array/>
                </dict>
                <key>Jump Force</key>
                <dict>
                    <key>value</key>
                    <string>{0.000,10.000}</string>
                    <key>animationsX</key>
                    <array/>
                    <key>animationsY</key>
                    <array/>
                </dict>
                <key>Jump Timeout</key>
                <dict>
                    <key>animations</key>
                    <array/>
                </dict>
                <key>Jump Counter</key>
                <dict>
                    <key>animations</key>
                    <array/>
                </dict>
                <key>Ground Threshold</key>
                <dict>
                    <key>animations</key>
                    <array/>
                </dict>
                <key>Jump From Ground</key>
                <dict>
                    <key>value</key>
                    <string>1</string>
                </dict>
                <key>Left Lean Force</key>
                <dict>
                    <key>animations</key>
                    <array/>
                </dict>
                <key>Right Lean Force</key>
                <dict>
                    <key>animations</key>
                    <array/>
                </dict>
                <key>Platform Friction</key>
                <dict>
                    <key>value</key>
                    <string>0.750000</string>
                    <key>animations</key>
                    <array/>
                </dict>
                <key>Rotation Drag</key>
                <dict>
                    <key>animations</key>
                    <array/>
                </dict>
                <key>Air Drag</key>
                <dict>
                    <key>value</key>
                    <string>{1.000,1.000}</string>
                    <key>animationsX</key>
                    <array/>
                    <key>animationsY</key>
                    <array/>
                </dict>
                <key>Fixed Rotation</key>
                <dict>
                    <key>value</key>
                    <string>1</string>
                </dict>
                <key>Image Direction</key>
                <dict>
                    <key>value</key>
                    <string>1</string>
                </dict>
            </dict>
        </array>
    </dict>
</plist>
