<?xml version="1.0" encoding="UTF-8"?>
<!DOCTYPE plist PUBLIC "-//Apple//DTD PLIST 1.0//EN" "http://www.apple.com/DTDs/PropertyList-1.0.dtd"/>

<plist version="1.0">
    <dict>
        <key>ROOT</key>
        <array>
            <dict>
                <key>id</key>
                <string>107</string>
                <key>sprites</key>
                <array>
                    <string>1904</string>
                    <string>1905</string>
                    <string>1906</string>
                    <string>1722</string>
                    <string>121</string>
                    <string>1930</string>
                    <string>442</string>
                    <string>1730</string>
                    <string>342</string>
                    <string>106</string>
                    <string>2386</string>
                    <string>2387</string>
                    <string>2390</string>
                    <string>2388</string>
                    <string>2389</string>
                    <string>1725</string>
                    <string>3025</string>
                    <string>3024</string>
                    <string>3023</string>
                    <string>3022</string>
                    <string>3021</string>
                    <string>1860</string>
                    <string>2038</string>
                    <string>1778</string>
                    <string>1768</string>
                    <string>1765</string>
                    <string>1762</string>
                    <string>1775</string>
                    <string>1759</string>
                    <string>2645</string>
                    <string>1829</string>
                    <string>1832</string>
                    <string>1835</string>
                    <string>1738</string>
                    <string>1753</string>
                    <string>1716</string>
                    <string>1740</string>
                    <string>1747</string>
                    <string>151</string>
                    <string>110</string>
                    <string>1887</string>
                </array>
            </dict>
            <dict>
                <key>id</key>
                <string>1857</string>
                <key>sprites</key>
                <array>
                    <string>1856</string>
                    <string>1910</string>
                    <string>1907</string>
                    <string>1908</string>
                    <string>1909</string>
                    <string>2012</string>
                    <string>2013</string>
                    <string>2187</string>
                    <string>2015</string>
                    <string>2014</string>
                    <string>4080</string>
                    <string>4074</string>
                    <string>2391</string>
                    <string>4964</string>
                    <string>3232</string>
                    <string>3030</string>
                    <string>3029</string>
                    <string>3028</string>
                    <string>3027</string>
                    <string>3026</string>
                    <string>5436</string>
                    <string>4220</string>
                    <string>5227</string>
                    <string>6531</string>
                    <string>5343</string>
                    <string>5518</string>
                    <string>4615</string>
                    <string>4953</string>
                    <string>3328</string>
                </array>
            </dict>
            <dict>
                <key>id</key>
                <string>1912</string>
                <key>sprites</key>
                <array>
                    <string>1914</string>
                    <string>1913</string>
                    <string>1911</string>
                    <string>1968</string>
                    <string>1953</string>
                    <string>1952</string>
                    <string>1951</string>
                    <string>1939</string>
                    <string>1938</string>
                    <string>1937</string>
                    <string>1936</string>
                    <string>1935</string>
                    <string>1931</string>
                    <string>1934</string>
                    <string>1933</string>
                    <string>1932</string>
                    <string>2018</string>
                    <string>2017</string>
                    <string>2016</string>
                    <string>4092</string>
                    <string>4086</string>
                    <string>4068</string>
                    <string>4057</string>
                    <string>6542</string>
                </array>
            </dict>
            <dict>
                <key>id</key>
                <string>1964</string>
                <key>sprites</key>
                <array>
                    <string>1990</string>
                    <string>1994</string>
                    <string>1973</string>
                    <string>1991</string>
                    <string>1997</string>
                    <string>1972</string>
                    <string>1971</string>
                    <string>1970</string>
                    <string>1969</string>
                    <string>1967</string>
                    <string>1966</string>
                    <string>1965</string>
                    <string>1963</string>
                    <string>1995</string>
                    <string>1993</string>
                    <string>1992</string>
                    <string>1996</string>
                    <string>2020</string>
                    <string>2019</string>
                    <string>3710</string>
                    <string>2021</string>
                    <string>3709</string>
                    <string>3708</string>
                    <string>4214</string>
                    <string>4110</string>
                </array>
            </dict>
            <dict>
                <key>id</key>
                <string>3062</string>
                <key>sprites</key>
                <array>
                    <string>3996</string>
                    <string>3061</string>
                    <string>3715</string>
                    <string>3714</string>
                    <string>3711</string>
                    <string>3716</string>
                    <string>3712</string>
                    <string>3713</string>
                    <string>3717</string>
                    <string>5478</string>
                    <string>5479</string>
                    <string>5481</string>
                    <string>5480</string>
                    <string>5477</string>
                    <string>5476</string>
                    <string>5475</string>
                    <string>5465</string>
                    <string>5467</string>
                    <string>5468</string>
                    <string>5469</string>
                    <string>5470</string>
                    <string>5471</string>
                    <string>5472</string>
                    <string>5473</string>
                    <string>5474</string>
                    <string>5466</string>
                    <string>4238</string>
                    <string>4098</string>
                    <string>4104</string>
                    <string>4666</string>
                    <string>4232</string>
                    <string>4226</string>
                </array>
            </dict>
            <dict>
                <key>id</key>
                <string>5483</string>
                <key>sprites</key>
                <array>
                    <string>5981</string>
                    <string>5980</string>
                    <string>5979</string>
                    <string>5978</string>
                    <string>5977</string>
                    <string>6008</string>
                    <string>5495</string>
                    <string>5494</string>
                    <string>5493</string>
                    <string>5492</string>
                    <string>5491</string>
                    <string>5490</string>
                    <string>5489</string>
                    <string>5488</string>
                    <string>5487</string>
                    <string>5486</string>
                    <string>5485</string>
                    <string>5484</string>
                    <string>5482</string>
                </array>
            </dict>
            <dict>
                <key>id</key>
                <string>6005</string>
                <key>sprites</key>
                <array>
                    <string>6004</string>
                </array>
            </dict>
        </array>
    </dict>
</plist>
