<?xml version="1.0" encoding="UTF-8"?>
<!DOCTYPE plist PUBLIC "-//Apple//DTD PLIST 1.0//EN" "http://www.apple.com/DTDs/PropertyList-1.0.dtd"/>

<plist version="1.0">
    <dict>
        <key>ROOT</key>
        <array>
            <dict>
                <key>id</key>
                <string>1861</string>
                <key>Idle Animation</key>
                <dict>
                    <key>value</key>
                    <string>1863</string>
                </dict>
            </dict>
            <dict>
                <key>id</key>
                <string>3329</string>
                <key>Idle Animation</key>
                <dict>
                    <key>value</key>
                    <string>3331</string>
                </dict>
            </dict>
            <dict>
                <key>id</key>
                <string>1888</string>
                <key>Idle Animation</key>
                <dict>
                    <key>value</key>
                    <string>1890</string>
                </dict>
            </dict>
            <dict>
                <key>id</key>
                <string>2188</string>
                <key>Idle Animation</key>
                <dict>
                    <key>value</key>
                    <string>2190</string>
                </dict>
            </dict>
            <dict>
                <key>id</key>
                <string>2646</string>
                <key>Idle Animation</key>
                <dict>
                    <key>value</key>
                    <string>2648</string>
                </dict>
            </dict>
            <dict>
                <key>id</key>
                <string>3031</string>
                <key>Idle Animation</key>
                <dict>
                    <key>value</key>
                    <string>3033</string>
                </dict>
            </dict>
            <dict>
                <key>id</key>
                <string>3063</string>
                <key>Idle Animation</key>
                <dict>
                    <key>value</key>
                    <string>3065</string>
                </dict>
            </dict>
            <dict>
                <key>id</key>
                <string>3233</string>
                <key>Idle Animation</key>
                <dict>
                    <key>value</key>
                    <string>3235</string>
                </dict>
            </dict>
            <dict>
                <key>id</key>
                <string>3718</string>
                <key>Idle Animation</key>
                <dict>
                    <key>value</key>
                    <string>3720</string>
                </dict>
            </dict>
            <dict>
                <key>id</key>
                <string>3997</string>
                <key>Idle Animation</key>
                <dict>
                    <key>value</key>
                    <string>3999</string>
                </dict>
            </dict>
            <dict>
                <key>id</key>
                <string>4965</string>
                <key>Idle Animation</key>
                <dict>
                    <key>value</key>
                    <string>4967</string>
                </dict>
            </dict>
            <dict>
                <key>id</key>
                <string>5437</string>
                <key>Idle Animation</key>
                <dict>
                    <key>value</key>
                    <string>5439</string>
                </dict>
            </dict>
            <dict>
                <key>id</key>
                <string>5496</string>
                <key>Idle Animation</key>
                <dict>
                    <key>value</key>
                    <string>5498</string>
                </dict>
            </dict>
            <dict>
                <key>id</key>
                <string>6009</string>
                <key>Idle Animation</key>
                <dict>
                    <key>value</key>
                    <string>6011</string>
                </dict>
            </dict>
        </array>
    </dict>
</plist>
