<?xml version="1.0" encoding="UTF-8"?>
<!DOCTYPE plist PUBLIC "-//Apple//DTD PLIST 1.0//EN" "http://www.apple.com/DTDs/PropertyList-1.0.dtd"/>

<plist version="1.0">
    <dict>
        <key>ROOT</key>
        <array>
            <dict>
                <key>id</key>
                <string>2053</string>
            </dict>
            <dict>
                <key>id</key>
                <string>2062</string>
            </dict>
            <dict>
                <key>id</key>
                <string>2071</string>
            </dict>
            <dict>
                <key>id</key>
                <string>2080</string>
            </dict>
            <dict>
                <key>id</key>
                <string>2089</string>
            </dict>
            <dict>
                <key>id</key>
                <string>2098</string>
            </dict>
            <dict>
                <key>id</key>
                <string>2108</string>
            </dict>
            <dict>
                <key>id</key>
                <string>2117</string>
            </dict>
            <dict>
                <key>id</key>
                <string>2126</string>
            </dict>
            <dict>
                <key>id</key>
                <string>2135</string>
            </dict>
            <dict>
                <key>id</key>
                <string>2144</string>
            </dict>
            <dict>
                <key>id</key>
                <string>2153</string>
            </dict>
            <dict>
                <key>id</key>
                <string>2162</string>
            </dict>
            <dict>
                <key>id</key>
                <string>2209</string>
            </dict>
            <dict>
                <key>id</key>
                <string>2218</string>
            </dict>
            <dict>
                <key>id</key>
                <string>2227</string>
            </dict>
            <dict>
                <key>id</key>
                <string>2236</string>
            </dict>
            <dict>
                <key>id</key>
                <string>2245</string>
            </dict>
            <dict>
                <key>id</key>
                <string>2254</string>
            </dict>
            <dict>
                <key>id</key>
                <string>2301</string>
            </dict>
            <dict>
                <key>id</key>
                <string>2358</string>
            </dict>
            <dict>
                <key>id</key>
                <string>2371</string>
            </dict>
            <dict>
                <key>id</key>
                <string>2428</string>
            </dict>
            <dict>
                <key>id</key>
                <string>2437</string>
            </dict>
            <dict>
                <key>id</key>
                <string>2446</string>
            </dict>
            <dict>
                <key>id</key>
                <string>2462</string>
            </dict>
            <dict>
                <key>id</key>
                <string>2472</string>
            </dict>
            <dict>
                <key>id</key>
                <string>2481</string>
            </dict>
            <dict>
                <key>id</key>
                <string>2490</string>
            </dict>
            <dict>
                <key>id</key>
                <string>2499</string>
            </dict>
            <dict>
                <key>id</key>
                <string>2508</string>
            </dict>
            <dict>
                <key>id</key>
                <string>2517</string>
            </dict>
            <dict>
                <key>id</key>
                <string>2526</string>
            </dict>
            <dict>
                <key>id</key>
                <string>2535</string>
            </dict>
            <dict>
                <key>id</key>
                <string>2544</string>
            </dict>
            <dict>
                <key>id</key>
                <string>2553</string>
            </dict>
            <dict>
                <key>id</key>
                <string>2562</string>
            </dict>
            <dict>
                <key>id</key>
                <string>2571</string>
            </dict>
            <dict>
                <key>id</key>
                <string>2724</string>
            </dict>
            <dict>
                <key>id</key>
                <string>2733</string>
            </dict>
            <dict>
                <key>id</key>
                <string>2742</string>
            </dict>
            <dict>
                <key>id</key>
                <string>2751</string>
            </dict>
            <dict>
                <key>id</key>
                <string>2760</string>
            </dict>
            <dict>
                <key>id</key>
                <string>2769</string>
            </dict>
            <dict>
                <key>id</key>
                <string>2778</string>
            </dict>
            <dict>
                <key>id</key>
                <string>2787</string>
            </dict>
            <dict>
                <key>id</key>
                <string>2796</string>
            </dict>
            <dict>
                <key>id</key>
                <string>2805</string>
            </dict>
            <dict>
                <key>id</key>
                <string>2814</string>
            </dict>
            <dict>
                <key>id</key>
                <string>2823</string>
            </dict>
            <dict>
                <key>id</key>
                <string>2832</string>
            </dict>
            <dict>
                <key>id</key>
                <string>2841</string>
            </dict>
            <dict>
                <key>id</key>
                <string>2850</string>
            </dict>
            <dict>
                <key>id</key>
                <string>2859</string>
            </dict>
            <dict>
                <key>id</key>
                <string>2868</string>
            </dict>
            <dict>
                <key>id</key>
                <string>2886</string>
            </dict>
            <dict>
                <key>id</key>
                <string>2895</string>
            </dict>
            <dict>
                <key>id</key>
                <string>2904</string>
            </dict>
            <dict>
                <key>id</key>
                <string>2913</string>
            </dict>
            <dict>
                <key>id</key>
                <string>2922</string>
            </dict>
            <dict>
                <key>id</key>
                <string>2931</string>
            </dict>
            <dict>
                <key>id</key>
                <string>2940</string>
            </dict>
            <dict>
                <key>id</key>
                <string>2949</string>
            </dict>
            <dict>
                <key>id</key>
                <string>2958</string>
            </dict>
            <dict>
                <key>id</key>
                <string>2967</string>
            </dict>
            <dict>
                <key>id</key>
                <string>3084</string>
            </dict>
            <dict>
                <key>id</key>
                <string>3093</string>
            </dict>
            <dict>
                <key>id</key>
                <string>3102</string>
            </dict>
            <dict>
                <key>id</key>
                <string>3111</string>
            </dict>
            <dict>
                <key>id</key>
                <string>3120</string>
            </dict>
            <dict>
                <key>id</key>
                <string>3129</string>
            </dict>
            <dict>
                <key>id</key>
                <string>3138</string>
            </dict>
            <dict>
                <key>id</key>
                <string>3157</string>
            </dict>
            <dict>
                <key>id</key>
                <string>3166</string>
            </dict>
            <dict>
                <key>id</key>
                <string>3175</string>
            </dict>
            <dict>
                <key>id</key>
                <string>3184</string>
            </dict>
            <dict>
                <key>id</key>
                <string>3193</string>
            </dict>
            <dict>
                <key>id</key>
                <string>3202</string>
            </dict>
            <dict>
                <key>id</key>
                <string>3211</string>
            </dict>
            <dict>
                <key>id</key>
                <string>3220</string>
            </dict>
            <dict>
                <key>id</key>
                <string>3230</string>
            </dict>
            <dict>
                <key>id</key>
                <string>3597</string>
            </dict>
            <dict>
                <key>id</key>
                <string>3611</string>
            </dict>
            <dict>
                <key>id</key>
                <string>3657</string>
            </dict>
            <dict>
                <key>id</key>
                <string>3747</string>
            </dict>
            <dict>
                <key>id</key>
                <string>3766</string>
            </dict>
            <dict>
                <key>id</key>
                <string>3798</string>
            </dict>
            <dict>
                <key>id</key>
                <string>3807</string>
            </dict>
            <dict>
                <key>id</key>
                <string>3824</string>
            </dict>
            <dict>
                <key>id</key>
                <string>3834</string>
            </dict>
            <dict>
                <key>id</key>
                <string>3843</string>
            </dict>
            <dict>
                <key>id</key>
                <string>3852</string>
            </dict>
            <dict>
                <key>id</key>
                <string>3861</string>
            </dict>
            <dict>
                <key>id</key>
                <string>3870</string>
            </dict>
            <dict>
                <key>id</key>
                <string>3889</string>
            </dict>
            <dict>
                <key>id</key>
                <string>3931</string>
            </dict>
            <dict>
                <key>id</key>
                <string>3948</string>
            </dict>
            <dict>
                <key>id</key>
                <string>3957</string>
            </dict>
            <dict>
                <key>id</key>
                <string>3966</string>
            </dict>
            <dict>
                <key>id</key>
                <string>4017</string>
            </dict>
            <dict>
                <key>id</key>
                <string>4027</string>
            </dict>
            <dict>
                <key>id</key>
                <string>4036</string>
            </dict>
            <dict>
                <key>id</key>
                <string>4052</string>
            </dict>
            <dict>
                <key>id</key>
                <string>4147</string>
            </dict>
            <dict>
                <key>id</key>
                <string>4156</string>
            </dict>
            <dict>
                <key>id</key>
                <string>4165</string>
            </dict>
            <dict>
                <key>id</key>
                <string>4174</string>
            </dict>
            <dict>
                <key>id</key>
                <string>4183</string>
            </dict>
            <dict>
                <key>id</key>
                <string>4192</string>
            </dict>
            <dict>
                <key>id</key>
                <string>4201</string>
            </dict>
            <dict>
                <key>id</key>
                <string>4210</string>
            </dict>
            <dict>
                <key>id</key>
                <string>4251</string>
            </dict>
            <dict>
                <key>id</key>
                <string>4260</string>
            </dict>
            <dict>
                <key>id</key>
                <string>4269</string>
            </dict>
            <dict>
                <key>id</key>
                <string>4278</string>
            </dict>
            <dict>
                <key>id</key>
                <string>4287</string>
            </dict>
            <dict>
                <key>id</key>
                <string>4296</string>
            </dict>
            <dict>
                <key>id</key>
                <string>4306</string>
            </dict>
            <dict>
                <key>id</key>
                <string>4315</string>
            </dict>
            <dict>
                <key>id</key>
                <string>4325</string>
            </dict>
            <dict>
                <key>id</key>
                <string>4334</string>
            </dict>
            <dict>
                <key>id</key>
                <string>4386</string>
            </dict>
            <dict>
                <key>id</key>
                <string>4395</string>
            </dict>
            <dict>
                <key>id</key>
                <string>4404</string>
            </dict>
            <dict>
                <key>id</key>
                <string>4413</string>
            </dict>
            <dict>
                <key>id</key>
                <string>4422</string>
            </dict>
            <dict>
                <key>id</key>
                <string>4431</string>
            </dict>
            <dict>
                <key>id</key>
                <string>4440</string>
            </dict>
            <dict>
                <key>id</key>
                <string>4449</string>
            </dict>
            <dict>
                <key>id</key>
                <string>4458</string>
            </dict>
            <dict>
                <key>id</key>
                <string>4467</string>
            </dict>
            <dict>
                <key>id</key>
                <string>4476</string>
            </dict>
            <dict>
                <key>id</key>
                <string>4485</string>
            </dict>
            <dict>
                <key>id</key>
                <string>4494</string>
            </dict>
            <dict>
                <key>id</key>
                <string>4503</string>
            </dict>
            <dict>
                <key>id</key>
                <string>4512</string>
            </dict>
            <dict>
                <key>id</key>
                <string>4521</string>
            </dict>
            <dict>
                <key>id</key>
                <string>4530</string>
            </dict>
            <dict>
                <key>id</key>
                <string>4539</string>
            </dict>
            <dict>
                <key>id</key>
                <string>4548</string>
            </dict>
            <dict>
                <key>id</key>
                <string>4687</string>
            </dict>
            <dict>
                <key>id</key>
                <string>4697</string>
            </dict>
            <dict>
                <key>id</key>
                <string>4707</string>
            </dict>
            <dict>
                <key>id</key>
                <string>4716</string>
            </dict>
            <dict>
                <key>id</key>
                <string>4725</string>
            </dict>
            <dict>
                <key>id</key>
                <string>4734</string>
            </dict>
            <dict>
                <key>id</key>
                <string>4743</string>
            </dict>
            <dict>
                <key>id</key>
                <string>4753</string>
            </dict>
            <dict>
                <key>id</key>
                <string>4762</string>
            </dict>
            <dict>
                <key>id</key>
                <string>4771</string>
            </dict>
            <dict>
                <key>id</key>
                <string>4780</string>
            </dict>
            <dict>
                <key>id</key>
                <string>4789</string>
            </dict>
            <dict>
                <key>id</key>
                <string>4799</string>
            </dict>
            <dict>
                <key>id</key>
                <string>4808</string>
            </dict>
            <dict>
                <key>id</key>
                <string>4817</string>
            </dict>
            <dict>
                <key>id</key>
                <string>4826</string>
            </dict>
            <dict>
                <key>id</key>
                <string>4835</string>
            </dict>
            <dict>
                <key>id</key>
                <string>4844</string>
            </dict>
            <dict>
                <key>id</key>
                <string>4853</string>
            </dict>
            <dict>
                <key>id</key>
                <string>4862</string>
            </dict>
            <dict>
                <key>id</key>
                <string>4871</string>
            </dict>
            <dict>
                <key>id</key>
                <string>4881</string>
            </dict>
            <dict>
                <key>id</key>
                <string>4891</string>
            </dict>
            <dict>
                <key>id</key>
                <string>4900</string>
            </dict>
            <dict>
                <key>id</key>
                <string>4910</string>
            </dict>
            <dict>
                <key>id</key>
                <string>4919</string>
            </dict>
            <dict>
                <key>id</key>
                <string>4928</string>
            </dict>
            <dict>
                <key>id</key>
                <string>4937</string>
            </dict>
            <dict>
                <key>id</key>
                <string>4946</string>
            </dict>
            <dict>
                <key>id</key>
                <string>5063</string>
            </dict>
            <dict>
                <key>id</key>
                <string>5072</string>
            </dict>
            <dict>
                <key>id</key>
                <string>5081</string>
            </dict>
            <dict>
                <key>id</key>
                <string>5092</string>
            </dict>
            <dict>
                <key>id</key>
                <string>5101</string>
            </dict>
            <dict>
                <key>id</key>
                <string>5110</string>
            </dict>
            <dict>
                <key>id</key>
                <string>5119</string>
            </dict>
            <dict>
                <key>id</key>
                <string>5128</string>
            </dict>
            <dict>
                <key>id</key>
                <string>5137</string>
            </dict>
            <dict>
                <key>id</key>
                <string>5146</string>
            </dict>
            <dict>
                <key>id</key>
                <string>5155</string>
            </dict>
            <dict>
                <key>id</key>
                <string>5165</string>
            </dict>
            <dict>
                <key>id</key>
                <string>5174</string>
            </dict>
            <dict>
                <key>id</key>
                <string>5183</string>
            </dict>
            <dict>
                <key>id</key>
                <string>5192</string>
            </dict>
            <dict>
                <key>id</key>
                <string>5201</string>
            </dict>
            <dict>
                <key>id</key>
                <string>5262</string>
            </dict>
            <dict>
                <key>id</key>
                <string>5271</string>
            </dict>
            <dict>
                <key>id</key>
                <string>5280</string>
            </dict>
            <dict>
                <key>id</key>
                <string>5405</string>
            </dict>
            <dict>
                <key>id</key>
                <string>5414</string>
            </dict>
            <dict>
                <key>id</key>
                <string>5423</string>
            </dict>
            <dict>
                <key>id</key>
                <string>5432</string>
            </dict>
            <dict>
                <key>id</key>
                <string>5551</string>
            </dict>
            <dict>
                <key>id</key>
                <string>5572</string>
            </dict>
            <dict>
                <key>id</key>
                <string>5581</string>
            </dict>
            <dict>
                <key>id</key>
                <string>5591</string>
            </dict>
            <dict>
                <key>id</key>
                <string>5600</string>
            </dict>
            <dict>
                <key>id</key>
                <string>5610</string>
            </dict>
            <dict>
                <key>id</key>
                <string>5619</string>
            </dict>
            <dict>
                <key>id</key>
                <string>5671</string>
            </dict>
            <dict>
                <key>id</key>
                <string>5680</string>
            </dict>
            <dict>
                <key>id</key>
                <string>5689</string>
            </dict>
            <dict>
                <key>id</key>
                <string>5698</string>
            </dict>
            <dict>
                <key>id</key>
                <string>5709</string>
            </dict>
            <dict>
                <key>id</key>
                <string>5718</string>
            </dict>
            <dict>
                <key>id</key>
                <string>5772</string>
            </dict>
            <dict>
                <key>id</key>
                <string>5781</string>
            </dict>
            <dict>
                <key>id</key>
                <string>5790</string>
            </dict>
            <dict>
                <key>id</key>
                <string>5799</string>
            </dict>
            <dict>
                <key>id</key>
                <string>5810</string>
            </dict>
            <dict>
                <key>id</key>
                <string>5819</string>
            </dict>
            <dict>
                <key>id</key>
                <string>5831</string>
            </dict>
            <dict>
                <key>id</key>
                <string>5840</string>
            </dict>
            <dict>
                <key>id</key>
                <string>5923</string>
            </dict>
            <dict>
                <key>id</key>
                <string>5932</string>
            </dict>
            <dict>
                <key>id</key>
                <string>5941</string>
            </dict>
            <dict>
                <key>id</key>
                <string>5951</string>
            </dict>
            <dict>
                <key>id</key>
                <string>6052</string>
            </dict>
            <dict>
                <key>id</key>
                <string>6065</string>
            </dict>
            <dict>
                <key>id</key>
                <string>6074</string>
            </dict>
            <dict>
                <key>id</key>
                <string>6083</string>
            </dict>
            <dict>
                <key>id</key>
                <string>6093</string>
            </dict>
            <dict>
                <key>id</key>
                <string>6103</string>
            </dict>
            <dict>
                <key>id</key>
                <string>6113</string>
            </dict>
            <dict>
                <key>id</key>
                <string>6122</string>
            </dict>
            <dict>
                <key>id</key>
                <string>6131</string>
            </dict>
            <dict>
                <key>id</key>
                <string>6140</string>
            </dict>
            <dict>
                <key>id</key>
                <string>6149</string>
            </dict>
            <dict>
                <key>id</key>
                <string>6158</string>
            </dict>
            <dict>
                <key>id</key>
                <string>6167</string>
            </dict>
            <dict>
                <key>id</key>
                <string>6176</string>
            </dict>
            <dict>
                <key>id</key>
                <string>6185</string>
            </dict>
            <dict>
                <key>id</key>
                <string>6194</string>
            </dict>
            <dict>
                <key>id</key>
                <string>6289</string>
            </dict>
            <dict>
                <key>id</key>
                <string>6298</string>
            </dict>
            <dict>
                <key>id</key>
                <string>6307</string>
            </dict>
            <dict>
                <key>id</key>
                <string>6316</string>
            </dict>
            <dict>
                <key>id</key>
                <string>6360</string>
            </dict>
            <dict>
                <key>id</key>
                <string>6369</string>
            </dict>
            <dict>
                <key>id</key>
                <string>6378</string>
            </dict>
            <dict>
                <key>id</key>
                <string>6387</string>
            </dict>
            <dict>
                <key>id</key>
                <string>6420</string>
            </dict>
            <dict>
                <key>id</key>
                <string>6429</string>
            </dict>
            <dict>
                <key>id</key>
                <string>6438</string>
            </dict>
            <dict>
                <key>id</key>
                <string>6447</string>
            </dict>
            <dict>
                <key>id</key>
                <string>6456</string>
            </dict>
            <dict>
                <key>id</key>
                <string>6465</string>
            </dict>
            <dict>
                <key>id</key>
                <string>6474</string>
            </dict>
            <dict>
                <key>id</key>
                <string>6483</string>
            </dict>
            <dict>
                <key>id</key>
                <string>6492</string>
            </dict>
            <dict>
                <key>id</key>
                <string>6501</string>
            </dict>
            <dict>
                <key>id</key>
                <string>6510</string>
            </dict>
            <dict>
                <key>id</key>
                <string>6519</string>
            </dict>
            <dict>
                <key>id</key>
                <string>6528</string>
            </dict>
            <dict>
                <key>id</key>
                <string>6568</string>
            </dict>
            <dict>
                <key>id</key>
                <string>6577</string>
            </dict>
            <dict>
                <key>id</key>
                <string>6586</string>
            </dict>
            <dict>
                <key>id</key>
                <string>6595</string>
            </dict>
            <dict>
                <key>id</key>
                <string>6604</string>
            </dict>
            <dict>
                <key>id</key>
                <string>6613</string>
            </dict>
            <dict>
                <key>id</key>
                <string>6622</string>
            </dict>
            <dict>
                <key>id</key>
                <string>6631</string>
            </dict>
            <dict>
                <key>id</key>
                <string>6640</string>
            </dict>
            <dict>
                <key>id</key>
                <string>6649</string>
            </dict>
            <dict>
                <key>id</key>
                <string>6658</string>
            </dict>
            <dict>
                <key>id</key>
                <string>6667</string>
            </dict>
            <dict>
                <key>id</key>
                <string>6676</string>
            </dict>
            <dict>
                <key>id</key>
                <string>6738</string>
            </dict>
            <dict>
                <key>id</key>
                <string>6747</string>
            </dict>
            <dict>
                <key>id</key>
                <string>6756</string>
            </dict>
            <dict>
                <key>id</key>
                <string>6765</string>
            </dict>
            <dict>
                <key>id</key>
                <string>6774</string>
            </dict>
            <dict>
                <key>id</key>
                <string>6783</string>
            </dict>
            <dict>
                <key>id</key>
                <string>6792</string>
            </dict>
            <dict>
                <key>id</key>
                <string>6801</string>
            </dict>
            <dict>
                <key>id</key>
                <string>6810</string>
            </dict>
            <dict>
                <key>id</key>
                <string>6819</string>
            </dict>
            <dict>
                <key>id</key>
                <string>6828</string>
            </dict>
            <dict>
                <key>id</key>
                <string>6837</string>
            </dict>
            <dict>
                <key>id</key>
                <string>6846</string>
            </dict>
            <dict>
                <key>id</key>
                <string>6855</string>
            </dict>
            <dict>
                <key>id</key>
                <string>6927</string>
            </dict>
            <dict>
                <key>id</key>
                <string>6936</string>
            </dict>
            <dict>
                <key>id</key>
                <string>6945</string>
            </dict>
            <dict>
                <key>id</key>
                <string>6954</string>
            </dict>
            <dict>
                <key>id</key>
                <string>6964</string>
            </dict>
            <dict>
                <key>id</key>
                <string>6973</string>
            </dict>
            <dict>
                <key>id</key>
                <string>7020</string>
            </dict>
            <dict>
                <key>id</key>
                <string>7029</string>
            </dict>
            <dict>
                <key>id</key>
                <string>7038</string>
            </dict>
            <dict>
                <key>id</key>
                <string>7047</string>
            </dict>
            <dict>
                <key>id</key>
                <string>7056</string>
            </dict>
            <dict>
                <key>id</key>
                <string>7065</string>
            </dict>
            <dict>
                <key>id</key>
                <string>7074</string>
            </dict>
            <dict>
                <key>id</key>
                <string>7084</string>
            </dict>
            <dict>
                <key>id</key>
                <string>7093</string>
            </dict>
            <dict>
                <key>id</key>
                <string>7102</string>
            </dict>
            <dict>
                <key>id</key>
                <string>7112</string>
            </dict>
            <dict>
                <key>id</key>
                <string>7121</string>
            </dict>
            <dict>
                <key>id</key>
                <string>7130</string>
            </dict>
            <dict>
                <key>id</key>
                <string>7140</string>
            </dict>
            <dict>
                <key>id</key>
                <string>7149</string>
            </dict>
            <dict>
                <key>id</key>
                <string>7158</string>
            </dict>
            <dict>
                <key>id</key>
                <string>7293</string>
            </dict>
            <dict>
                <key>id</key>
                <string>7302</string>
            </dict>
            <dict>
                <key>id</key>
                <string>7311</string>
            </dict>
            <dict>
                <key>id</key>
                <string>7320</string>
            </dict>
        </array>
    </dict>
</plist>
