<?xml version="1.0" encoding="UTF-8"?>
<!DOCTYPE plist PUBLIC "-//Apple//DTD PLIST 1.0//EN" "http://www.apple.com/DTDs/PropertyList-1.0.dtd"/>

<plist version="1.0">
    <dict>
        <key>ROOT</key>
        <array>
            <dict>
                <key>id</key>
                <string>3637</string>
                <key>objectA</key>
                <string>3566</string>
                <key>objectB</key>
                <string>3562</string>
            </dict>
            <dict>
                <key>id</key>
                <string>3638</string>
                <key>objectA</key>
                <string>3566</string>
                <key>objectB</key>
                <string>3558</string>
            </dict>
            <dict>
                <key>id</key>
                <string>3639</string>
                <key>objectA</key>
                <string>3566</string>
                <key>objectB</key>
                <string>3550</string>
            </dict>
            <dict>
                <key>id</key>
                <string>3640</string>
                <key>objectA</key>
                <string>3566</string>
                <key>objectB</key>
                <string>3554</string>
            </dict>
            <dict>
                <key>id</key>
                <string>3641</string>
                <key>objectA</key>
                <string>3566</string>
                <key>objectB</key>
                <string>3546</string>
            </dict>
            <dict>
                <key>id</key>
                <string>3642</string>
                <key>objectA</key>
                <string>3566</string>
                <key>objectB</key>
                <string>3542</string>
            </dict>
            <dict>
                <key>id</key>
                <string>3643</string>
                <key>objectA</key>
                <string>3566</string>
                <key>objectB</key>
                <string>3538</string>
            </dict>
            <dict>
                <key>id</key>
                <string>3644</string>
                <key>objectA</key>
                <string>3566</string>
                <key>objectB</key>
                <string>3534</string>
            </dict>
            <dict>
                <key>id</key>
                <string>3645</string>
                <key>objectA</key>
                <string>3566</string>
                <key>objectB</key>
                <string>3530</string>
            </dict>
            <dict>
                <key>id</key>
                <string>3646</string>
                <key>objectA</key>
                <string>3566</string>
                <key>objectB</key>
                <string>3526</string>
            </dict>
            <dict>
                <key>id</key>
                <string>3647</string>
                <key>objectA</key>
                <string>3566</string>
                <key>objectB</key>
                <string>3408</string>
            </dict>
        </array>
    </dict>
</plist>
