<?xml version="1.0" encoding="UTF-8"?>
<!DOCTYPE plist PUBLIC "-//Apple//DTD PLIST 1.0//EN" "http://www.apple.com/DTDs/PropertyList-1.0.dtd"/>

<plist version="1.0">
    <dict>
        <key>ROOT</key>
        <array>
            <dict>
                <key>id</key>
                <string>221</string>
            </dict>
            <dict>
                <key>id</key>
                <string>233</string>
            </dict>
            <dict>
                <key>id</key>
                <string>236</string>
            </dict>
            <dict>
                <key>id</key>
                <string>239</string>
            </dict>
            <dict>
                <key>id</key>
                <string>247</string>
            </dict>
            <dict>
                <key>id</key>
                <string>250</string>
            </dict>
            <dict>
                <key>id</key>
                <string>253</string>
            </dict>
            <dict>
                <key>id</key>
                <string>283</string>
            </dict>
            <dict>
                <key>id</key>
                <string>306</string>
            </dict>
            <dict>
                <key>id</key>
                <string>307</string>
            </dict>
            <dict>
                <key>id</key>
                <string>311</string>
            </dict>
            <dict>
                <key>id</key>
                <string>328</string>
            </dict>
            <dict>
                <key>id</key>
                <string>331</string>
            </dict>
            <dict>
                <key>id</key>
                <string>334</string>
            </dict>
            <dict>
                <key>id</key>
                <string>337</string>
            </dict>
            <dict>
                <key>id</key>
                <string>458</string>
            </dict>
            <dict>
                <key>id</key>
                <string>586</string>
            </dict>
            <dict>
                <key>id</key>
                <string>589</string>
            </dict>
            <dict>
                <key>id</key>
                <string>592</string>
            </dict>
            <dict>
                <key>id</key>
                <string>603</string>
            </dict>
            <dict>
                <key>id</key>
                <string>947</string>
            </dict>
            <dict>
                <key>id</key>
                <string>950</string>
            </dict>
            <dict>
                <key>id</key>
                <string>953</string>
            </dict>
            <dict>
                <key>id</key>
                <string>956</string>
            </dict>
            <dict>
                <key>id</key>
                <string>990</string>
                <key>Texture</key>
                <dict>
                    <key>value</key>
                    <string>991</string>
                </dict>
            </dict>
            <dict>
                <key>id</key>
                <string>1041</string>
                <key>Texture</key>
                <dict>
                    <key>value</key>
                    <string>1042</string>
                </dict>
            </dict>
            <dict>
                <key>id</key>
                <string>1046</string>
                <key>Texture</key>
                <dict>
                    <key>value</key>
                    <string>1042</string>
                </dict>
            </dict>
            <dict>
                <key>id</key>
                <string>1049</string>
                <key>Texture</key>
                <dict>
                    <key>value</key>
                    <string>1050</string>
                </dict>
            </dict>
            <dict>
                <key>id</key>
                <string>1185</string>
                <key>Texture</key>
                <dict>
                    <key>value</key>
                    <string>1186</string>
                </dict>
            </dict>
            <dict>
                <key>id</key>
                <string>1253</string>
            </dict>
            <dict>
                <key>id</key>
                <string>1319</string>
            </dict>
            <dict>
                <key>id</key>
                <string>1320</string>
            </dict>
            <dict>
                <key>id</key>
                <string>1399</string>
            </dict>
            <dict>
                <key>id</key>
                <string>1405</string>
            </dict>
            <dict>
                <key>id</key>
                <string>2292</string>
                <key>Texture</key>
                <dict>
                    <key>value</key>
                    <string>2285</string>
                </dict>
            </dict>
            <dict>
                <key>id</key>
                <string>6232</string>
                <key>Texture</key>
                <dict>
                    <key>value</key>
                    <string>2285</string>
                </dict>
            </dict>
            <dict>
                <key>id</key>
                <string>6238</string>
                <key>Texture</key>
                <dict>
                    <key>value</key>
                    <string>2285</string>
                </dict>
            </dict>
            <dict>
                <key>id</key>
                <string>6244</string>
                <key>Texture</key>
                <dict>
                    <key>value</key>
                    <string>2285</string>
                </dict>
            </dict>
            <dict>
                <key>id</key>
                <string>6250</string>
                <key>Texture</key>
                <dict>
                    <key>value</key>
                    <string>2285</string>
                </dict>
            </dict>
            <dict>
                <key>id</key>
                <string>6256</string>
                <key>Texture</key>
                <dict>
                    <key>value</key>
                    <string>2285</string>
                </dict>
            </dict>
            <dict>
                <key>id</key>
                <string>6262</string>
                <key>Texture</key>
                <dict>
                    <key>value</key>
                    <string>2285</string>
                </dict>
            </dict>
            <dict>
                <key>id</key>
                <string>6268</string>
                <key>Texture</key>
                <dict>
                    <key>value</key>
                    <string>2285</string>
                </dict>
            </dict>
            <dict>
                <key>id</key>
                <string>6274</string>
                <key>Texture</key>
                <dict>
                    <key>value</key>
                    <string>2285</string>
                </dict>
            </dict>
            <dict>
                <key>id</key>
                <string>6280</string>
                <key>Texture</key>
                <dict>
                    <key>value</key>
                    <string>2285</string>
                </dict>
            </dict>
            <dict>
                <key>id</key>
                <string>7188</string>
                <key>Texture</key>
                <dict>
                    <key>value</key>
                    <string>7184</string>
                </dict>
            </dict>
            <dict>
                <key>id</key>
                <string>7191</string>
                <key>Texture</key>
                <dict>
                    <key>value</key>
                    <string>7184</string>
                </dict>
            </dict>
            <dict>
                <key>id</key>
                <string>7194</string>
                <key>Texture</key>
                <dict>
                    <key>value</key>
                    <string>7184</string>
                </dict>
            </dict>
            <dict>
                <key>id</key>
                <string>7200</string>
                <key>Texture</key>
                <dict>
                    <key>value</key>
                    <string>7184</string>
                </dict>
            </dict>
            <dict>
                <key>id</key>
                <string>7203</string>
                <key>Texture</key>
                <dict>
                    <key>value</key>
                    <string>7184</string>
                </dict>
            </dict>
            <dict>
                <key>id</key>
                <string>7206</string>
                <key>Texture</key>
                <dict>
                    <key>value</key>
                    <string>7184</string>
                </dict>
            </dict>
            <dict>
                <key>id</key>
                <string>7212</string>
                <key>Texture</key>
                <dict>
                    <key>value</key>
                    <string>7184</string>
                </dict>
            </dict>
            <dict>
                <key>id</key>
                <string>7215</string>
                <key>Texture</key>
                <dict>
                    <key>value</key>
                    <string>7184</string>
                </dict>
            </dict>
            <dict>
                <key>id</key>
                <string>7218</string>
                <key>Texture</key>
                <dict>
                    <key>value</key>
                    <string>7184</string>
                </dict>
            </dict>
            <dict>
                <key>id</key>
                <string>7224</string>
                <key>Texture</key>
                <dict>
                    <key>value</key>
                    <string>7184</string>
                </dict>
            </dict>
            <dict>
                <key>id</key>
                <string>7227</string>
                <key>Texture</key>
                <dict>
                    <key>value</key>
                    <string>7184</string>
                </dict>
            </dict>
            <dict>
                <key>id</key>
                <string>7230</string>
                <key>Texture</key>
                <dict>
                    <key>value</key>
                    <string>7184</string>
                </dict>
            </dict>
            <dict>
                <key>id</key>
                <string>7236</string>
                <key>Texture</key>
                <dict>
                    <key>value</key>
                    <string>7184</string>
                </dict>
            </dict>
            <dict>
                <key>id</key>
                <string>7239</string>
                <key>Texture</key>
                <dict>
                    <key>value</key>
                    <string>7184</string>
                </dict>
            </dict>
            <dict>
                <key>id</key>
                <string>7242</string>
                <key>Texture</key>
                <dict>
                    <key>value</key>
                    <string>7184</string>
                </dict>
            </dict>
            <dict>
                <key>id</key>
                <string>7248</string>
                <key>Texture</key>
                <dict>
                    <key>value</key>
                    <string>7184</string>
                </dict>
            </dict>
            <dict>
                <key>id</key>
                <string>7251</string>
                <key>Texture</key>
                <dict>
                    <key>value</key>
                    <string>7184</string>
                </dict>
            </dict>
            <dict>
                <key>id</key>
                <string>7254</string>
                <key>Texture</key>
                <dict>
                    <key>value</key>
                    <string>7184</string>
                </dict>
            </dict>
            <dict>
                <key>id</key>
                <string>7257</string>
                <key>Texture</key>
                <dict>
                    <key>value</key>
                    <string>7184</string>
                </dict>
            </dict>
            <dict>
                <key>id</key>
                <string>7260</string>
                <key>Texture</key>
                <dict>
                    <key>value</key>
                    <string>7184</string>
                </dict>
            </dict>
            <dict>
                <key>id</key>
                <string>7263</string>
                <key>Texture</key>
                <dict>
                    <key>value</key>
                    <string>7184</string>
                </dict>
            </dict>
            <dict>
                <key>id</key>
                <string>7266</string>
                <key>Texture</key>
                <dict>
                    <key>value</key>
                    <string>7184</string>
                </dict>
            </dict>
        </array>
    </dict>
</plist>
