<?xml version="1.0" encoding="UTF-8"?>
<!DOCTYPE plist PUBLIC "-//Apple//DTD PLIST 1.0//EN" "http://www.apple.com/DTDs/PropertyList-1.0.dtd"/>

<plist version="1.0">
    <dict>
        <key>ROOT</key>
        <array>
            <dict>
                <key>id</key>
                <string>103</string>
                <key>children</key>
                <array>
                    <string>217</string>
                    <string>429</string>
                    <string>515</string>
                    <string>605</string>
                    <string>610</string>
                    <string>641</string>
                </array>
                <key>childLinkers</key>
                <array/>
            </dict>
            <dict>
                <key>id</key>
                <string>1788</string>
                <key>children</key>
                <array>
                    <string>6017</string>
                    <string>6019</string>
                    <string>6021</string>
                    <string>6023</string>
                    <string>6025</string>
                    <string>6027</string>
                    <string>6029</string>
                    <string>6031</string>
                    <string>6033</string>
                    <string>6036</string>
                    <string>6039</string>
                    <string>6041</string>
                    <string>6043</string>
                    <string>6319</string>
                    <string>6321</string>
                    <string>6323</string>
                    <string>6325</string>
                    <string>6328</string>
                    <string>6330</string>
                    <string>6332</string>
                    <string>6334</string>
                    <string>6336</string>
                    <string>6338</string>
                    <string>6345</string>
                    <string>6347</string>
                    <string>6349</string>
                    <string>6351</string>
                </array>
                <key>childLinkers</key>
                <array/>
            </dict>
            <dict>
                <key>id</key>
                <string>1395</string>
                <key>children</key>
                <array>
                    <string>1869</string>
                    <string>1871</string>
                    <string>1873</string>
                    <string>1875</string>
                    <string>1877</string>
                    <string>1879</string>
                    <string>1881</string>
                    <string>1883</string>
                    <string>1885</string>
                    <string>1896</string>
                    <string>1902</string>
                    <string>1949</string>
                    <string>4338</string>
                    <string>4340</string>
                    <string>4342</string>
                    <string>4344</string>
                    <string>4346</string>
                </array>
                <key>childLinkers</key>
                <array/>
            </dict>
            <dict>
                <key>id</key>
                <string>1796</string>
                <key>children</key>
                <array>
                    <string>6390</string>
                    <string>6392</string>
                    <string>6394</string>
                    <string>6396</string>
                    <string>6398</string>
                    <string>6400</string>
                    <string>6402</string>
                    <string>6404</string>
                    <string>6406</string>
                    <string>6408</string>
                    <string>6540</string>
                    <string>6551</string>
                    <string>6553</string>
                    <string>6555</string>
                    <string>6557</string>
                    <string>6559</string>
                </array>
                <key>childLinkers</key>
                <array/>
            </dict>
            <dict>
                <key>id</key>
                <string>6677</string>
                <key>children</key>
                <array>
                    <string>6680</string>
                    <string>6682</string>
                    <string>6684</string>
                    <string>6686</string>
                    <string>6688</string>
                    <string>6690</string>
                    <string>6692</string>
                    <string>6694</string>
                    <string>6696</string>
                    <string>6698</string>
                    <string>6701</string>
                    <string>6703</string>
                    <string>6705</string>
                    <string>6707</string>
                    <string>6710</string>
                    <string>6712</string>
                    <string>6714</string>
                    <string>6716</string>
                    <string>6718</string>
                    <string>6721</string>
                    <string>6723</string>
                    <string>6725</string>
                    <string>6727</string>
                    <string>6729</string>
                </array>
                <key>childLinkers</key>
                <array/>
            </dict>
            <dict>
                <key>id</key>
                <string>1407</string>
                <key>children</key>
                <array>
                    <string>2165</string>
                    <string>2167</string>
                    <string>2169</string>
                    <string>2171</string>
                    <string>2173</string>
                    <string>2175</string>
                    <string>2177</string>
                    <string>2179</string>
                    <string>2181</string>
                    <string>2183</string>
                    <string>2185</string>
                    <string>2196</string>
                    <string>2198</string>
                    <string>2200</string>
                    <string>4350</string>
                    <string>4352</string>
                    <string>4354</string>
                    <string>4356</string>
                    <string>4359</string>
                    <string>4361</string>
                    <string>4363</string>
                    <string>4365</string>
                    <string>4367</string>
                    <string>4369</string>
                    <string>4371</string>
                    <string>4373</string>
                    <string>4375</string>
                    <string>4377</string>
                </array>
                <key>childLinkers</key>
                <array/>
            </dict>
            <dict>
                <key>id</key>
                <string>6974</string>
                <key>children</key>
                <array>
                    <string>6977</string>
                    <string>6979</string>
                    <string>6981</string>
                    <string>6983</string>
                    <string>6985</string>
                    <string>6987</string>
                    <string>6989</string>
                    <string>6991</string>
                    <string>6993</string>
                    <string>6995</string>
                    <string>6998</string>
                    <string>7001</string>
                    <string>7003</string>
                    <string>7005</string>
                    <string>7007</string>
                    <string>7009</string>
                    <string>7011</string>
                </array>
                <key>childLinkers</key>
                <array/>
            </dict>
            <dict>
                <key>id</key>
                <string>7159</string>
                <key>children</key>
                <array>
                    <string>7162</string>
                    <string>7164</string>
                    <string>7166</string>
                    <string>7168</string>
                    <string>7170</string>
                    <string>7172</string>
                    <string>7174</string>
                    <string>7176</string>
                    <string>7178</string>
                    <string>7180</string>
                    <string>7189</string>
                    <string>7201</string>
                    <string>7213</string>
                    <string>7225</string>
                    <string>7237</string>
                    <string>7249</string>
                    <string>7269</string>
                    <string>7272</string>
                    <string>7274</string>
                    <string>7276</string>
                    <string>7278</string>
                    <string>7280</string>
                    <string>7282</string>
                    <string>7284</string>
                </array>
                <key>childLinkers</key>
                <array/>
            </dict>
            <dict>
                <key>id</key>
                <string>2255</string>
                <key>children</key>
                <array>
                    <string>2261</string>
                    <string>2263</string>
                    <string>2265</string>
                    <string>2267</string>
                    <string>2269</string>
                    <string>2271</string>
                    <string>2273</string>
                    <string>2275</string>
                    <string>2277</string>
                    <string>2279</string>
                    <string>2281</string>
                    <string>2290</string>
                    <string>2349</string>
                    <string>2374</string>
                    <string>2376</string>
                    <string>2378</string>
                    <string>2380</string>
                    <string>2384</string>
                    <string>2400</string>
                    <string>2403</string>
                    <string>2405</string>
                    <string>2407</string>
                    <string>2409</string>
                    <string>2411</string>
                    <string>2413</string>
                    <string>6204</string>
                    <string>6230</string>
                    <string>6236</string>
                    <string>6242</string>
                    <string>6248</string>
                    <string>6254</string>
                    <string>6260</string>
                    <string>6266</string>
                    <string>6272</string>
                    <string>6278</string>
                </array>
                <key>childLinkers</key>
                <array/>
            </dict>
            <dict>
                <key>id</key>
                <string>2572</string>
                <key>children</key>
                <array>
                    <string>2575</string>
                    <string>2577</string>
                    <string>2581</string>
                    <string>2583</string>
                    <string>2585</string>
                    <string>2587</string>
                    <string>2589</string>
                    <string>2591</string>
                    <string>2593</string>
                    <string>2595</string>
                    <string>2600</string>
                    <string>2654</string>
                    <string>2656</string>
                    <string>2658</string>
                    <string>2660</string>
                    <string>2662</string>
                    <string>2664</string>
                    <string>2666</string>
                    <string>2668</string>
                    <string>2671</string>
                    <string>2685</string>
                    <string>2696</string>
                    <string>2702</string>
                    <string>2708</string>
                    <string>2714</string>
                    <string>2877</string>
                    <string>4582</string>
                    <string>4584</string>
                    <string>4586</string>
                    <string>4588</string>
                    <string>4590</string>
                    <string>4592</string>
                </array>
                <key>childLinkers</key>
                <array/>
            </dict>
            <dict>
                <key>id</key>
                <string>2968</string>
                <key>children</key>
                <array>
                    <string>2997</string>
                    <string>2999</string>
                    <string>3001</string>
                    <string>3011</string>
                    <string>3013</string>
                    <string>3015</string>
                    <string>3039</string>
                    <string>3053</string>
                    <string>3055</string>
                    <string>3057</string>
                    <string>3059</string>
                    <string>3071</string>
                    <string>3074</string>
                </array>
                <key>childLinkers</key>
                <array/>
            </dict>
            <dict>
                <key>id</key>
                <string>3221</string>
                <key>children</key>
                <array>
                    <string>3241</string>
                    <string>3243</string>
                    <string>3245</string>
                    <string>3247</string>
                    <string>3249</string>
                    <string>3251</string>
                    <string>3253</string>
                    <string>3255</string>
                    <string>3257</string>
                    <string>3259</string>
                    <string>3276</string>
                    <string>3383</string>
                    <string>3408</string>
                    <string>3511</string>
                    <string>3526</string>
                    <string>3530</string>
                    <string>3534</string>
                    <string>3538</string>
                    <string>3542</string>
                    <string>3546</string>
                    <string>3550</string>
                    <string>3554</string>
                    <string>3558</string>
                    <string>3562</string>
                    <string>3566</string>
                    <string>3615</string>
                </array>
                <key>childLinkers</key>
                <array>
                    <string>3637</string>
                    <string>3638</string>
                    <string>3639</string>
                    <string>3640</string>
                    <string>3641</string>
                    <string>3642</string>
                    <string>3643</string>
                    <string>3644</string>
                    <string>3645</string>
                    <string>3646</string>
                    <string>3647</string>
                </array>
            </dict>
            <dict>
                <key>id</key>
                <string>3679</string>
                <key>children</key>
                <array>
                    <string>3682</string>
                    <string>3684</string>
                    <string>3686</string>
                    <string>3688</string>
                    <string>3690</string>
                    <string>3692</string>
                    <string>3694</string>
                    <string>3696</string>
                    <string>3698</string>
                    <string>3700</string>
                    <string>3702</string>
                    <string>3704</string>
                    <string>3706</string>
                    <string>3726</string>
                    <string>3737</string>
                    <string>3814</string>
                </array>
                <key>childLinkers</key>
                <array/>
            </dict>
            <dict>
                <key>id</key>
                <string>1810</string>
                <key>children</key>
                <array>
                    <string>1816</string>
                </array>
                <key>childLinkers</key>
                <array/>
            </dict>
            <dict>
                <key>id</key>
                <string>3891</string>
                <key>children</key>
                <array>
                    <string>3894</string>
                    <string>3896</string>
                    <string>3898</string>
                    <string>3900</string>
                    <string>3902</string>
                    <string>3904</string>
                    <string>3906</string>
                    <string>3908</string>
                    <string>3910</string>
                    <string>3912</string>
                    <string>3914</string>
                    <string>3916</string>
                    <string>3919</string>
                    <string>3939</string>
                </array>
                <key>childLinkers</key>
                <array/>
            </dict>
            <dict>
                <key>id</key>
                <string>3967</string>
                <key>children</key>
                <array>
                    <string>3970</string>
                    <string>3972</string>
                    <string>3974</string>
                    <string>3976</string>
                    <string>3978</string>
                    <string>3980</string>
                    <string>3982</string>
                    <string>3984</string>
                    <string>3986</string>
                    <string>3988</string>
                    <string>3990</string>
                    <string>3992</string>
                    <string>3994</string>
                    <string>4005</string>
                    <string>4008</string>
                </array>
                <key>childLinkers</key>
                <array/>
            </dict>
            <dict>
                <key>id</key>
                <string>4037</string>
                <key>children</key>
                <array>
                    <string>4595</string>
                    <string>4597</string>
                    <string>4599</string>
                    <string>4601</string>
                    <string>4603</string>
                    <string>4605</string>
                    <string>4607</string>
                    <string>4609</string>
                    <string>4611</string>
                    <string>4613</string>
                    <string>4624</string>
                    <string>4627</string>
                    <string>4629</string>
                    <string>4631</string>
                    <string>4633</string>
                    <string>4635</string>
                    <string>4638</string>
                    <string>4641</string>
                    <string>4643</string>
                    <string>4645</string>
                    <string>4647</string>
                    <string>4649</string>
                    <string>4651</string>
                    <string>4653</string>
                    <string>4655</string>
                    <string>4657</string>
                    <string>4659</string>
                    <string>4661</string>
                    <string>4664</string>
                </array>
                <key>childLinkers</key>
                <array/>
            </dict>
            <dict>
                <key>id</key>
                <string>4951</string>
                <key>children</key>
                <array>
                    <string>4962</string>
                    <string>4973</string>
                    <string>4975</string>
                    <string>4977</string>
                    <string>4979</string>
                    <string>4981</string>
                    <string>4983</string>
                    <string>4985</string>
                    <string>4987</string>
                    <string>4989</string>
                    <string>4991</string>
                    <string>4993</string>
                    <string>4995</string>
                    <string>4997</string>
                    <string>5000</string>
                    <string>5002</string>
                    <string>5004</string>
                    <string>5006</string>
                    <string>5008</string>
                    <string>5010</string>
                    <string>5012</string>
                    <string>5019</string>
                    <string>5021</string>
                    <string>5023</string>
                    <string>5025</string>
                    <string>5028</string>
                    <string>5030</string>
                    <string>5032</string>
                    <string>5034</string>
                    <string>5036</string>
                    <string>5038</string>
                    <string>5040</string>
                    <string>5042</string>
                    <string>5044</string>
                    <string>5046</string>
                    <string>5048</string>
                    <string>5051</string>
                    <string>5054</string>
                </array>
                <key>childLinkers</key>
                <array/>
            </dict>
            <dict>
                <key>id</key>
                <string>5202</string>
                <key>children</key>
                <array>
                    <string>5205</string>
                    <string>5207</string>
                    <string>5209</string>
                    <string>5211</string>
                    <string>5213</string>
                    <string>5215</string>
                    <string>5217</string>
                    <string>5219</string>
                    <string>5221</string>
                    <string>5223</string>
                    <string>5225</string>
                    <string>5236</string>
                    <string>5239</string>
                    <string>5241</string>
                    <string>5243</string>
                    <string>5245</string>
                    <string>5247</string>
                    <string>5249</string>
                    <string>5251</string>
                    <string>5253</string>
                </array>
                <key>childLinkers</key>
                <array/>
            </dict>
            <dict>
                <key>id</key>
                <string>5322</string>
                <key>children</key>
                <array>
                    <string>5325</string>
                    <string>5327</string>
                    <string>5329</string>
                    <string>5331</string>
                    <string>5333</string>
                    <string>5335</string>
                    <string>5337</string>
                    <string>5339</string>
                    <string>5341</string>
                    <string>5352</string>
                    <string>5355</string>
                    <string>5357</string>
                    <string>5359</string>
                    <string>5361</string>
                    <string>5363</string>
                    <string>5365</string>
                    <string>5368</string>
                    <string>5370</string>
                    <string>5372</string>
                    <string>5374</string>
                    <string>5376</string>
                    <string>5378</string>
                    <string>5380</string>
                    <string>5382</string>
                    <string>5384</string>
                    <string>5386</string>
                    <string>5388</string>
                    <string>5390</string>
                    <string>5392</string>
                    <string>5394</string>
                    <string>5396</string>
                </array>
                <key>childLinkers</key>
                <array/>
            </dict>
            <dict>
                <key>id</key>
                <string>5434</string>
                <key>children</key>
                <array>
                    <string>5445</string>
                    <string>5447</string>
                    <string>5449</string>
                    <string>5451</string>
                    <string>5453</string>
                    <string>5455</string>
                    <string>5457</string>
                    <string>5459</string>
                    <string>5461</string>
                    <string>5463</string>
                    <string>5504</string>
                    <string>5506</string>
                    <string>5508</string>
                    <string>5510</string>
                    <string>5527</string>
                    <string>5530</string>
                    <string>5532</string>
                    <string>5534</string>
                    <string>5536</string>
                    <string>5538</string>
                    <string>5540</string>
                    <string>5542</string>
                    <string>5888</string>
                    <string>5890</string>
                    <string>5892</string>
                    <string>5897</string>
                </array>
                <key>childLinkers</key>
                <array/>
            </dict>
            <dict>
                <key>id</key>
                <string>5886</string>
                <key>children</key>
                <array/>
                <key>childLinkers</key>
                <array/>
            </dict>
            <dict>
                <key>id</key>
                <string>1818</string>
                <key>children</key>
                <array/>
                <key>childLinkers</key>
                <array/>
            </dict>
            <dict>
                <key>id</key>
                <string>1249</string>
                <key>children</key>
                <array>
                    <string>1251</string>
                </array>
                <key>childLinkers</key>
                <array/>
            </dict>
            <dict>
                <key>id</key>
                <string>104</string>
                <key>children</key>
                <array>
                    <string>394</string>
                    <string>426</string>
                    <string>463</string>
                    <string>475</string>
                    <string>484</string>
                    <string>499</string>
                    <string>582</string>
                    <string>594</string>
                    <string>596</string>
                    <string>755</string>
                    <string>935</string>
                    <string>951</string>
                </array>
                <key>childLinkers</key>
                <array/>
            </dict>
            <dict>
                <key>id</key>
                <string>938</string>
                <key>children</key>
                <array>
                    <string>1113</string>
                </array>
                <key>childLinkers</key>
                <array/>
            </dict>
            <dict>
                <key>id</key>
                <string>939</string>
                <key>children</key>
                <array>
                    <string>1017</string>
                    <string>1035</string>
                    <string>1047</string>
                    <string>1133</string>
                    <string>1154</string>
                </array>
                <key>childLinkers</key>
                <array/>
            </dict>
        </array>
    </dict>
</plist>
