<?xml version="1.0" encoding="UTF-8"?>
<!DOCTYPE plist PUBLIC "-//Apple//DTD PLIST 1.0//EN" "http://www.apple.com/DTDs/PropertyList-1.0.dtd"/>

<plist version="1.0">
    <dict>
        <key>ROOT</key>
        <array>
            <dict>
                <key>id</key>
                <string>1940</string>
                <key>Default Animation</key>
                <dict>
                    <key>value</key>
                    <string>1942</string>
                </dict>
                <key>Shooting Animation</key>
                <dict>
                    <key>value</key>
                    <string>1958</string>
                </dict>
                <key>Bullet Animation</key>
                <dict>
                    <key>value</key>
                    <string>2041</string>
                </dict>
                <key>Jump Animation</key>
                <dict>
                    <key>value</key>
                    <string>1985</string>
                </dict>
                <key>Move Animation</key>
                <dict>
                    <key>value</key>
                    <string>2007</string>
                </dict>
                <key>Defeated Animation</key>
                <dict>
                    <key>value</key>
                    <string>2033</string>
                </dict>
                <key>components</key>
                <array>
                    <string>1946</string>
                    <string>5909</string>
                    <string>6918</string>
                </array>
            </dict>
        </array>
    </dict>
</plist>
