<?xml version="1.0" encoding="UTF-8"?>
<!DOCTYPE plist PUBLIC "-//Apple//DTD PLIST 1.0//EN" "http://www.apple.com/DTDs/PropertyList-1.0.dtd"/>

<plist version="1.0">
    <dict>
        <key>ROOT</key>
        <array>
            <dict>
                <key>id</key>
                <string>103</string>
                <key>className</key>
                <string>PTModelLevelSection</string>
                <key>Name</key>
                <dict>
                    <key>visible</key>
                    <string>0</string>
                    <key>value</key>
                    <string>Start</string>
                </dict>
                <key>End Distance</key>
                <dict>
                    <key>value</key>
                    <string>1.000000</string>
                </dict>
                <key>Width</key>
                <dict>
                    <key>value</key>
                    <string>1136.000000</string>
                </dict>
                <key>muted</key>
                <string>0</string>
                <key>solo</key>
                <string>0</string>
                <key>initSection</key>
                <string>1</string>
                <key>parentScreenId</key>
                <string>102</string>
            </dict>
            <dict>
                <key>id</key>
                <string>1788</string>
                <key>className</key>
                <string>PTModelLevelSection</string>
                <key>Name</key>
                <dict>
                    <key>visible</key>
                    <string>0</string>
                    <key>value</key>
                    <string>Start</string>
                </dict>
                <key>Start Distance</key>
                <dict>
                    <key>animations</key>
                    <array/>
                </dict>
                <key>End Distance</key>
                <dict>
                    <key>value</key>
                    <string>1.000000</string>
                    <key>animations</key>
                    <array/>
                </dict>
                <key>Width</key>
                <dict>
                    <key>value</key>
                    <string>1164.806152</string>
                    <key>animations</key>
                    <array/>
                </dict>
                <key>Play Cooldown</key>
                <dict>
                    <key>animations</key>
                    <array/>
                </dict>
                <key>muted</key>
                <string>0</string>
                <key>solo</key>
                <string>0</string>
                <key>initSection</key>
                <string>1</string>
                <key>parentScreenId</key>
                <string>1785</string>
            </dict>
            <dict>
                <key>id</key>
                <string>1395</string>
                <key>className</key>
                <string>PTModelLevelSection</string>
                <key>Name</key>
                <dict>
                    <key>visible</key>
                    <string>0</string>
                    <key>value</key>
                    <string>Start</string>
                </dict>
                <key>End Distance</key>
                <dict>
                    <key>value</key>
                    <string>1164.179810</string>
                </dict>
                <key>Width</key>
                <dict>
                    <key>value</key>
                    <string>1164.179810</string>
                </dict>
                <key>muted</key>
                <string>0</string>
                <key>solo</key>
                <string>0</string>
                <key>initSection</key>
                <string>1</string>
                <key>parentScreenId</key>
                <string>1394</string>
            </dict>
            <dict>
                <key>id</key>
                <string>1796</string>
                <key>className</key>
                <string>PTModelLevelSection</string>
                <key>Name</key>
                <dict>
                    <key>value</key>
                    <string>1</string>
                </dict>
                <key>Start Distance</key>
                <dict>
                    <key>value</key>
                    <string>1.000000</string>
                    <key>animations</key>
                    <array/>
                </dict>
                <key>End Distance</key>
                <dict>
                    <key>animations</key>
                    <array/>
                </dict>
                <key>Width</key>
                <dict>
                    <key>value</key>
                    <string>1397.732666</string>
                    <key>animations</key>
                    <array/>
                </dict>
                <key>Play Cooldown</key>
                <dict>
                    <key>animations</key>
                    <array/>
                </dict>
                <key>muted</key>
                <string>0</string>
                <key>solo</key>
                <string>0</string>
                <key>initSection</key>
                <string>0</string>
                <key>parentScreenId</key>
                <string>1785</string>
            </dict>
            <dict>
                <key>id</key>
                <string>6677</string>
                <key>className</key>
                <string>PTModelLevelSection</string>
                <key>Name</key>
                <dict>
                    <key>value</key>
                    <string>2</string>
                </dict>
                <key>Start Distance</key>
                <dict>
                    <key>animations</key>
                    <array/>
                </dict>
                <key>End Distance</key>
                <dict>
                    <key>animations</key>
                    <array/>
                </dict>
                <key>Width</key>
                <dict>
                    <key>value</key>
                    <string>1397.732666</string>
                    <key>animations</key>
                    <array/>
                </dict>
                <key>Play Cooldown</key>
                <dict>
                    <key>animations</key>
                    <array/>
                </dict>
                <key>muted</key>
                <string>0</string>
                <key>solo</key>
                <string>0</string>
                <key>initSection</key>
                <string>0</string>
                <key>parentScreenId</key>
                <string>1785</string>
            </dict>
            <dict>
                <key>id</key>
                <string>1407</string>
                <key>className</key>
                <string>PTModelLevelSection</string>
                <key>Name</key>
                <dict>
                    <key>value</key>
                    <string>1</string>
                </dict>
                <key>Start Distance</key>
                <dict>
                    <key>value</key>
                    <string>1164.179810</string>
                </dict>
                <key>End Distance</key>
                <dict>
                    <key>value</key>
                    <string>2561.912598</string>
                </dict>
                <key>Width</key>
                <dict>
                    <key>value</key>
                    <string>1397.732666</string>
                </dict>
                <key>muted</key>
                <string>0</string>
                <key>solo</key>
                <string>0</string>
                <key>initSection</key>
                <string>0</string>
                <key>parentScreenId</key>
                <string>1394</string>
            </dict>
            <dict>
                <key>id</key>
                <string>6974</string>
                <key>className</key>
                <string>PTModelLevelSection</string>
                <key>Name</key>
                <dict>
                    <key>value</key>
                    <string>3</string>
                </dict>
                <key>Start Distance</key>
                <dict>
                    <key>animations</key>
                    <array/>
                </dict>
                <key>End Distance</key>
                <dict>
                    <key>animations</key>
                    <array/>
                </dict>
                <key>Width</key>
                <dict>
                    <key>value</key>
                    <string>1397.732666</string>
                    <key>animations</key>
                    <array/>
                </dict>
                <key>Play Cooldown</key>
                <dict>
                    <key>animations</key>
                    <array/>
                </dict>
                <key>muted</key>
                <string>0</string>
                <key>solo</key>
                <string>0</string>
                <key>initSection</key>
                <string>0</string>
                <key>parentScreenId</key>
                <string>1785</string>
            </dict>
            <dict>
                <key>id</key>
                <string>7159</string>
                <key>className</key>
                <string>PTModelLevelSection</string>
                <key>Name</key>
                <dict>
                    <key>value</key>
                    <string>4</string>
                </dict>
                <key>Start Distance</key>
                <dict>
                    <key>animations</key>
                    <array/>
                </dict>
                <key>End Distance</key>
                <dict>
                    <key>animations</key>
                    <array/>
                </dict>
                <key>Width</key>
                <dict>
                    <key>value</key>
                    <string>1397.732666</string>
                    <key>animations</key>
                    <array/>
                </dict>
                <key>Play Cooldown</key>
                <dict>
                    <key>animations</key>
                    <array/>
                </dict>
                <key>muted</key>
                <string>0</string>
                <key>solo</key>
                <string>0</string>
                <key>initSection</key>
                <string>0</string>
                <key>parentScreenId</key>
                <string>1785</string>
            </dict>
            <dict>
                <key>id</key>
                <string>2255</string>
                <key>className</key>
                <string>PTModelLevelSection</string>
                <key>Name</key>
                <dict>
                    <key>value</key>
                    <string>2</string>
                </dict>
                <key>Start Distance</key>
                <dict>
                    <key>value</key>
                    <string>2561.912598</string>
                </dict>
                <key>End Distance</key>
                <dict>
                    <key>value</key>
                    <string>3959.645264</string>
                </dict>
                <key>Width</key>
                <dict>
                    <key>value</key>
                    <string>1397.732666</string>
                </dict>
                <key>muted</key>
                <string>0</string>
                <key>solo</key>
                <string>0</string>
                <key>initSection</key>
                <string>0</string>
                <key>parentScreenId</key>
                <string>1394</string>
            </dict>
            <dict>
                <key>id</key>
                <string>2572</string>
                <key>className</key>
                <string>PTModelLevelSection</string>
                <key>Name</key>
                <dict>
                    <key>value</key>
                    <string>3</string>
                </dict>
                <key>Start Distance</key>
                <dict>
                    <key>value</key>
                    <string>3959.645264</string>
                </dict>
                <key>End Distance</key>
                <dict>
                    <key>value</key>
                    <string>5357.377930</string>
                </dict>
                <key>Width</key>
                <dict>
                    <key>value</key>
                    <string>1397.732666</string>
                </dict>
                <key>muted</key>
                <string>0</string>
                <key>solo</key>
                <string>0</string>
                <key>initSection</key>
                <string>0</string>
                <key>parentScreenId</key>
                <string>1394</string>
            </dict>
            <dict>
                <key>id</key>
                <string>2968</string>
                <key>className</key>
                <string>PTModelLevelSection</string>
                <key>Name</key>
                <dict>
                    <key>value</key>
                    <string>4</string>
                </dict>
                <key>Start Distance</key>
                <dict>
                    <key>value</key>
                    <string>5357.377930</string>
                </dict>
                <key>End Distance</key>
                <dict>
                    <key>value</key>
                    <string>6755.110352</string>
                </dict>
                <key>Width</key>
                <dict>
                    <key>value</key>
                    <string>1397.732666</string>
                </dict>
                <key>muted</key>
                <string>0</string>
                <key>solo</key>
                <string>0</string>
                <key>initSection</key>
                <string>0</string>
                <key>parentScreenId</key>
                <string>1394</string>
            </dict>
            <dict>
                <key>id</key>
                <string>3221</string>
                <key>className</key>
                <string>PTModelLevelSection</string>
                <key>Name</key>
                <dict>
                    <key>value</key>
                    <string>5</string>
                </dict>
                <key>Start Distance</key>
                <dict>
                    <key>value</key>
                    <string>6755.110352</string>
                </dict>
                <key>End Distance</key>
                <dict>
                    <key>value</key>
                    <string>8152.842773</string>
                </dict>
                <key>Width</key>
                <dict>
                    <key>value</key>
                    <string>1397.732666</string>
                </dict>
                <key>muted</key>
                <string>0</string>
                <key>solo</key>
                <string>0</string>
                <key>initSection</key>
                <string>0</string>
                <key>parentScreenId</key>
                <string>1394</string>
            </dict>
            <dict>
                <key>id</key>
                <string>3679</string>
                <key>className</key>
                <string>PTModelLevelSection</string>
                <key>Name</key>
                <dict>
                    <key>value</key>
                    <string>6</string>
                </dict>
                <key>Start Distance</key>
                <dict>
                    <key>value</key>
                    <string>8152.842773</string>
                </dict>
                <key>End Distance</key>
                <dict>
                    <key>value</key>
                    <string>9841.003906</string>
                </dict>
                <key>Width</key>
                <dict>
                    <key>value</key>
                    <string>1688.160767</string>
                </dict>
                <key>muted</key>
                <string>0</string>
                <key>solo</key>
                <string>0</string>
                <key>initSection</key>
                <string>0</string>
                <key>parentScreenId</key>
                <string>1394</string>
            </dict>
            <dict>
                <key>id</key>
                <string>1810</string>
                <key>className</key>
                <string>PTModelLevelSection</string>
                <key>Name</key>
                <dict>
                    <key>visible</key>
                    <string>0</string>
                    <key>value</key>
                    <string>Start</string>
                </dict>
                <key>End Distance</key>
                <dict>
                    <key>value</key>
                    <string>1.000000</string>
                </dict>
                <key>Width</key>
                <dict>
                    <key>value</key>
                    <string>1136.000000</string>
                </dict>
                <key>muted</key>
                <string>0</string>
                <key>solo</key>
                <string>0</string>
                <key>initSection</key>
                <string>1</string>
                <key>parentScreenId</key>
                <string>1807</string>
            </dict>
            <dict>
                <key>id</key>
                <string>3891</string>
                <key>className</key>
                <string>PTModelLevelSection</string>
                <key>Name</key>
                <dict>
                    <key>value</key>
                    <string>7</string>
                </dict>
                <key>Start Distance</key>
                <dict>
                    <key>value</key>
                    <string>9841.003906</string>
                </dict>
                <key>End Distance</key>
                <dict>
                    <key>value</key>
                    <string>11529.165039</string>
                </dict>
                <key>Width</key>
                <dict>
                    <key>value</key>
                    <string>1688.160767</string>
                </dict>
                <key>muted</key>
                <string>0</string>
                <key>solo</key>
                <string>0</string>
                <key>initSection</key>
                <string>0</string>
                <key>parentScreenId</key>
                <string>1394</string>
            </dict>
            <dict>
                <key>id</key>
                <string>3967</string>
                <key>className</key>
                <string>PTModelLevelSection</string>
                <key>Name</key>
                <dict>
                    <key>value</key>
                    <string>8</string>
                </dict>
                <key>Start Distance</key>
                <dict>
                    <key>value</key>
                    <string>11529.165039</string>
                </dict>
                <key>End Distance</key>
                <dict>
                    <key>value</key>
                    <string>13217.326172</string>
                </dict>
                <key>Width</key>
                <dict>
                    <key>value</key>
                    <string>1688.160767</string>
                </dict>
                <key>muted</key>
                <string>0</string>
                <key>solo</key>
                <string>0</string>
                <key>initSection</key>
                <string>0</string>
                <key>parentScreenId</key>
                <string>1394</string>
            </dict>
            <dict>
                <key>id</key>
                <string>4037</string>
                <key>className</key>
                <string>PTModelLevelSection</string>
                <key>Name</key>
                <dict>
                    <key>value</key>
                    <string>9</string>
                </dict>
                <key>Start Distance</key>
                <dict>
                    <key>value</key>
                    <string>13217.326172</string>
                </dict>
                <key>End Distance</key>
                <dict>
                    <key>value</key>
                    <string>14905.487305</string>
                </dict>
                <key>Width</key>
                <dict>
                    <key>value</key>
                    <string>1688.160767</string>
                </dict>
                <key>muted</key>
                <string>0</string>
                <key>solo</key>
                <string>0</string>
                <key>initSection</key>
                <string>0</string>
                <key>parentScreenId</key>
                <string>1394</string>
            </dict>
            <dict>
                <key>id</key>
                <string>4951</string>
                <key>className</key>
                <string>PTModelLevelSection</string>
                <key>Name</key>
                <dict>
                    <key>value</key>
                    <string>10</string>
                </dict>
                <key>Start Distance</key>
                <dict>
                    <key>value</key>
                    <string>14905.487305</string>
                </dict>
                <key>End Distance</key>
                <dict>
                    <key>value</key>
                    <string>16593.648438</string>
                </dict>
                <key>Width</key>
                <dict>
                    <key>value</key>
                    <string>1688.160767</string>
                </dict>
                <key>muted</key>
                <string>0</string>
                <key>solo</key>
                <string>0</string>
                <key>initSection</key>
                <string>0</string>
                <key>parentScreenId</key>
                <string>1394</string>
            </dict>
            <dict>
                <key>id</key>
                <string>5202</string>
                <key>className</key>
                <string>PTModelLevelSection</string>
                <key>Name</key>
                <dict>
                    <key>value</key>
                    <string>11</string>
                </dict>
                <key>Start Distance</key>
                <dict>
                    <key>value</key>
                    <string>16593.648438</string>
                </dict>
                <key>End Distance</key>
                <dict>
                    <key>value</key>
                    <string>18281.808594</string>
                </dict>
                <key>Width</key>
                <dict>
                    <key>value</key>
                    <string>1688.160767</string>
                </dict>
                <key>muted</key>
                <string>0</string>
                <key>solo</key>
                <string>0</string>
                <key>initSection</key>
                <string>0</string>
                <key>parentScreenId</key>
                <string>1394</string>
            </dict>
            <dict>
                <key>id</key>
                <string>5322</string>
                <key>className</key>
                <string>PTModelLevelSection</string>
                <key>Name</key>
                <dict>
                    <key>value</key>
                    <string>12</string>
                </dict>
                <key>Start Distance</key>
                <dict>
                    <key>value</key>
                    <string>18281.808594</string>
                </dict>
                <key>End Distance</key>
                <dict>
                    <key>value</key>
                    <string>19969.968750</string>
                </dict>
                <key>Width</key>
                <dict>
                    <key>value</key>
                    <string>1688.160767</string>
                </dict>
                <key>muted</key>
                <string>0</string>
                <key>solo</key>
                <string>0</string>
                <key>initSection</key>
                <string>0</string>
                <key>parentScreenId</key>
                <string>1394</string>
            </dict>
            <dict>
                <key>id</key>
                <string>5434</string>
                <key>className</key>
                <string>PTModelLevelSection</string>
                <key>Name</key>
                <dict>
                    <key>value</key>
                    <string>13</string>
                </dict>
                <key>Start Distance</key>
                <dict>
                    <key>value</key>
                    <string>19969.968750</string>
                </dict>
                <key>End Distance</key>
                <dict>
                    <key>value</key>
                    <string>21658.128906</string>
                </dict>
                <key>Width</key>
                <dict>
                    <key>value</key>
                    <string>1688.160767</string>
                </dict>
                <key>muted</key>
                <string>0</string>
                <key>solo</key>
                <string>0</string>
                <key>initSection</key>
                <string>0</string>
                <key>parentScreenId</key>
                <string>1394</string>
            </dict>
            <dict>
                <key>id</key>
                <string>5886</string>
                <key>className</key>
                <string>PTModelLevelSection</string>
                <key>Name</key>
                <dict>
                    <key>value</key>
                    <string>14</string>
                </dict>
                <key>Start Distance</key>
                <dict>
                    <key>value</key>
                    <string>21658.128906</string>
                </dict>
                <key>End Distance</key>
                <dict>
                    <key>value</key>
                    <string>23346.289063</string>
                </dict>
                <key>Width</key>
                <dict>
                    <key>value</key>
                    <string>1688.160767</string>
                </dict>
                <key>muted</key>
                <string>0</string>
                <key>solo</key>
                <string>0</string>
                <key>initSection</key>
                <string>0</string>
                <key>parentScreenId</key>
                <string>1394</string>
            </dict>
            <dict>
                <key>id</key>
                <string>1818</string>
                <key>className</key>
                <string>PTModelLevelSection</string>
                <key>Name</key>
                <dict>
                    <key>value</key>
                    <string>1</string>
                </dict>
                <key>Start Distance</key>
                <dict>
                    <key>value</key>
                    <string>1.000000</string>
                </dict>
                <key>Width</key>
                <dict>
                    <key>value</key>
                    <string>1397.732666</string>
                </dict>
                <key>muted</key>
                <string>0</string>
                <key>solo</key>
                <string>0</string>
                <key>initSection</key>
                <string>0</string>
                <key>parentScreenId</key>
                <string>1807</string>
            </dict>
            <dict>
                <key>id</key>
                <string>1249</string>
                <key>className</key>
                <string>PTModelLevelSection</string>
                <key>Name</key>
                <dict>
                    <key>visible</key>
                    <string>0</string>
                    <key>value</key>
                    <string>Start</string>
                </dict>
                <key>End Distance</key>
                <dict>
                    <key>value</key>
                    <string>1.000000</string>
                </dict>
                <key>Width</key>
                <dict>
                    <key>value</key>
                    <string>1136.000000</string>
                </dict>
                <key>muted</key>
                <string>0</string>
                <key>solo</key>
                <string>0</string>
                <key>initSection</key>
                <string>1</string>
                <key>parentScreenId</key>
                <string>1248</string>
            </dict>
            <dict>
                <key>id</key>
                <string>104</string>
                <key>className</key>
                <string>PTModelLevelSection</string>
                <key>Name</key>
                <dict>
                    <key>value</key>
                    <string>1</string>
                </dict>
                <key>Start Distance</key>
                <dict>
                    <key>value</key>
                    <string>1.000000</string>
                </dict>
                <key>Width</key>
                <dict>
                    <key>value</key>
                    <string>3001.879883</string>
                </dict>
                <key>muted</key>
                <string>0</string>
                <key>solo</key>
                <string>0</string>
                <key>initSection</key>
                <string>0</string>
                <key>parentScreenId</key>
                <string>102</string>
            </dict>
            <dict>
                <key>id</key>
                <string>938</string>
                <key>className</key>
                <string>PTModelLevelSection</string>
                <key>Name</key>
                <dict>
                    <key>visible</key>
                    <string>0</string>
                    <key>value</key>
                    <string>Start</string>
                </dict>
                <key>End Distance</key>
                <dict>
                    <key>value</key>
                    <string>1.000000</string>
                </dict>
                <key>Width</key>
                <dict>
                    <key>value</key>
                    <string>1136.000000</string>
                </dict>
                <key>muted</key>
                <string>0</string>
                <key>solo</key>
                <string>0</string>
                <key>initSection</key>
                <string>1</string>
                <key>parentScreenId</key>
                <string>937</string>
            </dict>
            <dict>
                <key>id</key>
                <string>939</string>
                <key>className</key>
                <string>PTModelLevelSection</string>
                <key>Name</key>
                <dict>
                    <key>value</key>
                    <string>1</string>
                </dict>
                <key>Start Distance</key>
                <dict>
                    <key>value</key>
                    <string>1.000000</string>
                </dict>
                <key>Width</key>
                <dict>
                    <key>value</key>
                    <string>1808.250488</string>
                </dict>
                <key>muted</key>
                <string>0</string>
                <key>solo</key>
                <string>0</string>
                <key>initSection</key>
                <string>0</string>
                <key>parentScreenId</key>
                <string>937</string>
            </dict>
        </array>
    </dict>
</plist>
