<?xml version="1.0" encoding="UTF-8"?>
<!DOCTYPE plist PUBLIC "-//Apple//DTD PLIST 1.0//EN" "http://www.apple.com/DTDs/PropertyList-1.0.dtd"/>

<plist version="1.0">
    <dict>
        <key>ROOT</key>
        <array>
            <dict>
                <key>id</key>
                <string>113</string>
                <key>children</key>
                <array>
                    <string>114</string>
                </array>
            </dict>
            <dict>
                <key>id</key>
                <string>130</string>
                <key>children</key>
                <array>
                    <string>447</string>
                </array>
            </dict>
            <dict>
                <key>id</key>
                <string>154</string>
                <key>children</key>
                <array>
                    <string>155</string>
                </array>
            </dict>
            <dict>
                <key>id</key>
                <string>345</string>
                <key>children</key>
                <array>
                    <string>346</string>
                </array>
            </dict>
            <dict>
                <key>id</key>
                <string>403</string>
                <key>children</key>
                <array/>
            </dict>
            <dict>
                <key>id</key>
                <string>812</string>
                <key>children</key>
                <array/>
            </dict>
            <dict>
                <key>id</key>
                <string>838</string>
                <key>children</key>
                <array/>
            </dict>
            <dict>
                <key>id</key>
                <string>849</string>
                <key>children</key>
                <array/>
            </dict>
            <dict>
                <key>id</key>
                <string>865</string>
                <key>children</key>
                <array/>
            </dict>
            <dict>
                <key>id</key>
                <string>979</string>
                <key>children</key>
                <array>
                    <string>984</string>
                </array>
            </dict>
            <dict>
                <key>id</key>
                <string>1167</string>
                <key>children</key>
                <array/>
            </dict>
            <dict>
                <key>id</key>
                <string>1174</string>
                <key>children</key>
                <array/>
            </dict>
            <dict>
                <key>id</key>
                <string>1553</string>
                <key>children</key>
                <array/>
            </dict>
            <dict>
                <key>id</key>
                <string>1863</string>
                <key>children</key>
                <array>
                    <string>1864</string>
                </array>
            </dict>
            <dict>
                <key>id</key>
                <string>1890</string>
                <key>children</key>
                <array>
                    <string>1891</string>
                </array>
            </dict>
            <dict>
                <key>id</key>
                <string>1917</string>
                <key>children</key>
                <array>
                    <string>1918</string>
                </array>
            </dict>
            <dict>
                <key>id</key>
                <string>1942</string>
                <key>children</key>
                <array>
                    <string>1943</string>
                </array>
            </dict>
            <dict>
                <key>id</key>
                <string>1958</string>
                <key>children</key>
                <array>
                    <string>1959</string>
                </array>
            </dict>
            <dict>
                <key>id</key>
                <string>1985</string>
                <key>children</key>
                <array>
                    <string>1986</string>
                </array>
            </dict>
            <dict>
                <key>id</key>
                <string>2007</string>
                <key>children</key>
                <array>
                    <string>2008</string>
                </array>
            </dict>
            <dict>
                <key>id</key>
                <string>2033</string>
                <key>children</key>
                <array>
                    <string>2034</string>
                </array>
            </dict>
            <dict>
                <key>id</key>
                <string>2041</string>
                <key>children</key>
                <array>
                    <string>2042</string>
                </array>
            </dict>
            <dict>
                <key>id</key>
                <string>2048</string>
                <key>children</key>
                <array>
                    <string>2049</string>
                </array>
            </dict>
            <dict>
                <key>id</key>
                <string>2057</string>
                <key>children</key>
                <array>
                    <string>2058</string>
                </array>
            </dict>
            <dict>
                <key>id</key>
                <string>2066</string>
                <key>children</key>
                <array>
                    <string>2067</string>
                </array>
            </dict>
            <dict>
                <key>id</key>
                <string>2075</string>
                <key>children</key>
                <array>
                    <string>2076</string>
                </array>
            </dict>
            <dict>
                <key>id</key>
                <string>2084</string>
                <key>children</key>
                <array>
                    <string>2085</string>
                </array>
            </dict>
            <dict>
                <key>id</key>
                <string>2093</string>
                <key>children</key>
                <array>
                    <string>2094</string>
                </array>
            </dict>
            <dict>
                <key>id</key>
                <string>2103</string>
                <key>children</key>
                <array>
                    <string>2104</string>
                </array>
            </dict>
            <dict>
                <key>id</key>
                <string>2112</string>
                <key>children</key>
                <array>
                    <string>2113</string>
                </array>
            </dict>
            <dict>
                <key>id</key>
                <string>2121</string>
                <key>children</key>
                <array>
                    <string>2122</string>
                </array>
            </dict>
            <dict>
                <key>id</key>
                <string>2130</string>
                <key>children</key>
                <array>
                    <string>2131</string>
                </array>
            </dict>
            <dict>
                <key>id</key>
                <string>2139</string>
                <key>children</key>
                <array>
                    <string>2140</string>
                </array>
            </dict>
            <dict>
                <key>id</key>
                <string>2148</string>
                <key>children</key>
                <array>
                    <string>2149</string>
                </array>
            </dict>
            <dict>
                <key>id</key>
                <string>2157</string>
                <key>children</key>
                <array>
                    <string>2158</string>
                </array>
            </dict>
            <dict>
                <key>id</key>
                <string>2190</string>
                <key>children</key>
                <array>
                    <string>2191</string>
                </array>
            </dict>
            <dict>
                <key>id</key>
                <string>2204</string>
                <key>children</key>
                <array>
                    <string>2205</string>
                </array>
            </dict>
            <dict>
                <key>id</key>
                <string>2213</string>
                <key>children</key>
                <array>
                    <string>2214</string>
                </array>
            </dict>
            <dict>
                <key>id</key>
                <string>2222</string>
                <key>children</key>
                <array>
                    <string>2223</string>
                </array>
            </dict>
            <dict>
                <key>id</key>
                <string>2231</string>
                <key>children</key>
                <array>
                    <string>2232</string>
                </array>
            </dict>
            <dict>
                <key>id</key>
                <string>2240</string>
                <key>children</key>
                <array>
                    <string>2241</string>
                </array>
            </dict>
            <dict>
                <key>id</key>
                <string>2249</string>
                <key>children</key>
                <array>
                    <string>2250</string>
                </array>
            </dict>
            <dict>
                <key>id</key>
                <string>2296</string>
                <key>children</key>
                <array>
                    <string>2297</string>
                </array>
            </dict>
            <dict>
                <key>id</key>
                <string>2353</string>
                <key>children</key>
                <array>
                    <string>2354</string>
                </array>
            </dict>
            <dict>
                <key>id</key>
                <string>2366</string>
                <key>children</key>
                <array>
                    <string>2367</string>
                </array>
            </dict>
            <dict>
                <key>id</key>
                <string>2394</string>
                <key>children</key>
                <array>
                    <string>2395</string>
                </array>
            </dict>
            <dict>
                <key>id</key>
                <string>2423</string>
                <key>children</key>
                <array>
                    <string>2424</string>
                </array>
            </dict>
            <dict>
                <key>id</key>
                <string>2432</string>
                <key>children</key>
                <array>
                    <string>2433</string>
                </array>
            </dict>
            <dict>
                <key>id</key>
                <string>2441</string>
                <key>children</key>
                <array>
                    <string>2442</string>
                </array>
            </dict>
            <dict>
                <key>id</key>
                <string>2457</string>
                <key>children</key>
                <array>
                    <string>2458</string>
                </array>
            </dict>
            <dict>
                <key>id</key>
                <string>2467</string>
                <key>children</key>
                <array>
                    <string>2468</string>
                </array>
            </dict>
            <dict>
                <key>id</key>
                <string>2476</string>
                <key>children</key>
                <array>
                    <string>2477</string>
                </array>
            </dict>
            <dict>
                <key>id</key>
                <string>2485</string>
                <key>children</key>
                <array>
                    <string>2486</string>
                </array>
            </dict>
            <dict>
                <key>id</key>
                <string>2494</string>
                <key>children</key>
                <array>
                    <string>2495</string>
                </array>
            </dict>
            <dict>
                <key>id</key>
                <string>2503</string>
                <key>children</key>
                <array>
                    <string>2504</string>
                </array>
            </dict>
            <dict>
                <key>id</key>
                <string>2512</string>
                <key>children</key>
                <array>
                    <string>2513</string>
                </array>
            </dict>
            <dict>
                <key>id</key>
                <string>2521</string>
                <key>children</key>
                <array>
                    <string>2522</string>
                </array>
            </dict>
            <dict>
                <key>id</key>
                <string>2530</string>
                <key>children</key>
                <array>
                    <string>2531</string>
                </array>
            </dict>
            <dict>
                <key>id</key>
                <string>2539</string>
                <key>children</key>
                <array>
                    <string>2540</string>
                </array>
            </dict>
            <dict>
                <key>id</key>
                <string>2548</string>
                <key>children</key>
                <array>
                    <string>2549</string>
                </array>
            </dict>
            <dict>
                <key>id</key>
                <string>2557</string>
                <key>children</key>
                <array>
                    <string>2558</string>
                </array>
            </dict>
            <dict>
                <key>id</key>
                <string>2566</string>
                <key>children</key>
                <array>
                    <string>2567</string>
                </array>
            </dict>
            <dict>
                <key>id</key>
                <string>2648</string>
                <key>children</key>
                <array>
                    <string>2649</string>
                </array>
            </dict>
            <dict>
                <key>id</key>
                <string>2719</string>
                <key>children</key>
                <array>
                    <string>2720</string>
                </array>
            </dict>
            <dict>
                <key>id</key>
                <string>2728</string>
                <key>children</key>
                <array>
                    <string>2729</string>
                </array>
            </dict>
            <dict>
                <key>id</key>
                <string>2737</string>
                <key>children</key>
                <array>
                    <string>2738</string>
                </array>
            </dict>
            <dict>
                <key>id</key>
                <string>2746</string>
                <key>children</key>
                <array>
                    <string>2747</string>
                </array>
            </dict>
            <dict>
                <key>id</key>
                <string>2755</string>
                <key>children</key>
                <array>
                    <string>2756</string>
                </array>
            </dict>
            <dict>
                <key>id</key>
                <string>2764</string>
                <key>children</key>
                <array>
                    <string>2765</string>
                </array>
            </dict>
            <dict>
                <key>id</key>
                <string>2773</string>
                <key>children</key>
                <array>
                    <string>2774</string>
                </array>
            </dict>
            <dict>
                <key>id</key>
                <string>2782</string>
                <key>children</key>
                <array>
                    <string>2783</string>
                </array>
            </dict>
            <dict>
                <key>id</key>
                <string>2791</string>
                <key>children</key>
                <array>
                    <string>2792</string>
                </array>
            </dict>
            <dict>
                <key>id</key>
                <string>2800</string>
                <key>children</key>
                <array>
                    <string>2801</string>
                </array>
            </dict>
            <dict>
                <key>id</key>
                <string>2809</string>
                <key>children</key>
                <array>
                    <string>2810</string>
                </array>
            </dict>
            <dict>
                <key>id</key>
                <string>2818</string>
                <key>children</key>
                <array>
                    <string>2819</string>
                </array>
            </dict>
            <dict>
                <key>id</key>
                <string>2827</string>
                <key>children</key>
                <array>
                    <string>2828</string>
                </array>
            </dict>
            <dict>
                <key>id</key>
                <string>2836</string>
                <key>children</key>
                <array>
                    <string>2837</string>
                </array>
            </dict>
            <dict>
                <key>id</key>
                <string>2845</string>
                <key>children</key>
                <array>
                    <string>2846</string>
                </array>
            </dict>
            <dict>
                <key>id</key>
                <string>2854</string>
                <key>children</key>
                <array>
                    <string>2855</string>
                </array>
            </dict>
            <dict>
                <key>id</key>
                <string>2863</string>
                <key>children</key>
                <array>
                    <string>2864</string>
                </array>
            </dict>
            <dict>
                <key>id</key>
                <string>2881</string>
                <key>children</key>
                <array>
                    <string>2882</string>
                </array>
            </dict>
            <dict>
                <key>id</key>
                <string>2890</string>
                <key>children</key>
                <array>
                    <string>2891</string>
                </array>
            </dict>
            <dict>
                <key>id</key>
                <string>2899</string>
                <key>children</key>
                <array>
                    <string>2900</string>
                </array>
            </dict>
            <dict>
                <key>id</key>
                <string>2908</string>
                <key>children</key>
                <array>
                    <string>2909</string>
                </array>
            </dict>
            <dict>
                <key>id</key>
                <string>2917</string>
                <key>children</key>
                <array>
                    <string>2918</string>
                </array>
            </dict>
            <dict>
                <key>id</key>
                <string>2926</string>
                <key>children</key>
                <array>
                    <string>2927</string>
                </array>
            </dict>
            <dict>
                <key>id</key>
                <string>2935</string>
                <key>children</key>
                <array>
                    <string>2936</string>
                </array>
            </dict>
            <dict>
                <key>id</key>
                <string>2944</string>
                <key>children</key>
                <array>
                    <string>2945</string>
                </array>
            </dict>
            <dict>
                <key>id</key>
                <string>2953</string>
                <key>children</key>
                <array>
                    <string>2954</string>
                </array>
            </dict>
            <dict>
                <key>id</key>
                <string>2962</string>
                <key>children</key>
                <array>
                    <string>2963</string>
                </array>
            </dict>
            <dict>
                <key>id</key>
                <string>3033</string>
                <key>children</key>
                <array>
                    <string>3034</string>
                </array>
            </dict>
            <dict>
                <key>id</key>
                <string>3065</string>
                <key>children</key>
                <array>
                    <string>3066</string>
                </array>
            </dict>
            <dict>
                <key>id</key>
                <string>3079</string>
                <key>children</key>
                <array>
                    <string>3080</string>
                </array>
            </dict>
            <dict>
                <key>id</key>
                <string>3088</string>
                <key>children</key>
                <array>
                    <string>3089</string>
                </array>
            </dict>
            <dict>
                <key>id</key>
                <string>3097</string>
                <key>children</key>
                <array>
                    <string>3098</string>
                </array>
            </dict>
            <dict>
                <key>id</key>
                <string>3106</string>
                <key>children</key>
                <array>
                    <string>3107</string>
                </array>
            </dict>
            <dict>
                <key>id</key>
                <string>3115</string>
                <key>children</key>
                <array>
                    <string>3116</string>
                </array>
            </dict>
            <dict>
                <key>id</key>
                <string>3124</string>
                <key>children</key>
                <array>
                    <string>3125</string>
                </array>
            </dict>
            <dict>
                <key>id</key>
                <string>3133</string>
                <key>children</key>
                <array>
                    <string>3134</string>
                </array>
            </dict>
            <dict>
                <key>id</key>
                <string>3152</string>
                <key>children</key>
                <array>
                    <string>3153</string>
                </array>
            </dict>
            <dict>
                <key>id</key>
                <string>3161</string>
                <key>children</key>
                <array>
                    <string>3162</string>
                </array>
            </dict>
            <dict>
                <key>id</key>
                <string>3170</string>
                <key>children</key>
                <array>
                    <string>3171</string>
                </array>
            </dict>
            <dict>
                <key>id</key>
                <string>3179</string>
                <key>children</key>
                <array>
                    <string>3180</string>
                </array>
            </dict>
            <dict>
                <key>id</key>
                <string>3188</string>
                <key>children</key>
                <array>
                    <string>3189</string>
                </array>
            </dict>
            <dict>
                <key>id</key>
                <string>3197</string>
                <key>children</key>
                <array>
                    <string>3198</string>
                </array>
            </dict>
            <dict>
                <key>id</key>
                <string>3206</string>
                <key>children</key>
                <array>
                    <string>3207</string>
                </array>
            </dict>
            <dict>
                <key>id</key>
                <string>3215</string>
                <key>children</key>
                <array>
                    <string>3216</string>
                </array>
            </dict>
            <dict>
                <key>id</key>
                <string>3225</string>
                <key>children</key>
                <array>
                    <string>3226</string>
                </array>
            </dict>
            <dict>
                <key>id</key>
                <string>3235</string>
                <key>children</key>
                <array>
                    <string>3236</string>
                </array>
            </dict>
            <dict>
                <key>id</key>
                <string>3331</string>
                <key>children</key>
                <array>
                    <string>3332</string>
                </array>
            </dict>
            <dict>
                <key>id</key>
                <string>3592</string>
                <key>children</key>
                <array>
                    <string>3593</string>
                </array>
            </dict>
            <dict>
                <key>id</key>
                <string>3606</string>
                <key>children</key>
                <array>
                    <string>3607</string>
                </array>
            </dict>
            <dict>
                <key>id</key>
                <string>3652</string>
                <key>children</key>
                <array>
                    <string>3653</string>
                </array>
            </dict>
            <dict>
                <key>id</key>
                <string>3720</string>
                <key>children</key>
                <array>
                    <string>3721</string>
                </array>
            </dict>
            <dict>
                <key>id</key>
                <string>3742</string>
                <key>children</key>
                <array>
                    <string>3743</string>
                </array>
            </dict>
            <dict>
                <key>id</key>
                <string>3761</string>
                <key>children</key>
                <array>
                    <string>3762</string>
                </array>
            </dict>
            <dict>
                <key>id</key>
                <string>3793</string>
                <key>children</key>
                <array>
                    <string>3794</string>
                </array>
            </dict>
            <dict>
                <key>id</key>
                <string>3802</string>
                <key>children</key>
                <array>
                    <string>3803</string>
                </array>
            </dict>
            <dict>
                <key>id</key>
                <string>3819</string>
                <key>children</key>
                <array>
                    <string>3820</string>
                </array>
            </dict>
            <dict>
                <key>id</key>
                <string>3829</string>
                <key>children</key>
                <array>
                    <string>3830</string>
                </array>
            </dict>
            <dict>
                <key>id</key>
                <string>3838</string>
                <key>children</key>
                <array>
                    <string>3839</string>
                </array>
            </dict>
            <dict>
                <key>id</key>
                <string>3847</string>
                <key>children</key>
                <array>
                    <string>3848</string>
                </array>
            </dict>
            <dict>
                <key>id</key>
                <string>3856</string>
                <key>children</key>
                <array>
                    <string>3857</string>
                </array>
            </dict>
            <dict>
                <key>id</key>
                <string>3865</string>
                <key>children</key>
                <array>
                    <string>3866</string>
                </array>
            </dict>
            <dict>
                <key>id</key>
                <string>3884</string>
                <key>children</key>
                <array>
                    <string>3885</string>
                </array>
            </dict>
            <dict>
                <key>id</key>
                <string>3926</string>
                <key>children</key>
                <array>
                    <string>3927</string>
                </array>
            </dict>
            <dict>
                <key>id</key>
                <string>3943</string>
                <key>children</key>
                <array>
                    <string>3944</string>
                </array>
            </dict>
            <dict>
                <key>id</key>
                <string>3952</string>
                <key>children</key>
                <array>
                    <string>3953</string>
                </array>
            </dict>
            <dict>
                <key>id</key>
                <string>3961</string>
                <key>children</key>
                <array>
                    <string>3962</string>
                </array>
            </dict>
            <dict>
                <key>id</key>
                <string>3999</string>
                <key>children</key>
                <array>
                    <string>4000</string>
                </array>
            </dict>
            <dict>
                <key>id</key>
                <string>4012</string>
                <key>children</key>
                <array>
                    <string>4013</string>
                </array>
            </dict>
            <dict>
                <key>id</key>
                <string>4022</string>
                <key>children</key>
                <array>
                    <string>4023</string>
                </array>
            </dict>
            <dict>
                <key>id</key>
                <string>4031</string>
                <key>children</key>
                <array>
                    <string>4032</string>
                </array>
            </dict>
            <dict>
                <key>id</key>
                <string>4047</string>
                <key>children</key>
                <array>
                    <string>4048</string>
                </array>
            </dict>
            <dict>
                <key>id</key>
                <string>4142</string>
                <key>children</key>
                <array>
                    <string>4143</string>
                </array>
            </dict>
            <dict>
                <key>id</key>
                <string>4151</string>
                <key>children</key>
                <array>
                    <string>4152</string>
                </array>
            </dict>
            <dict>
                <key>id</key>
                <string>4160</string>
                <key>children</key>
                <array>
                    <string>4161</string>
                </array>
            </dict>
            <dict>
                <key>id</key>
                <string>4169</string>
                <key>children</key>
                <array>
                    <string>4170</string>
                </array>
            </dict>
            <dict>
                <key>id</key>
                <string>4178</string>
                <key>children</key>
                <array>
                    <string>4179</string>
                </array>
            </dict>
            <dict>
                <key>id</key>
                <string>4187</string>
                <key>children</key>
                <array>
                    <string>4188</string>
                </array>
            </dict>
            <dict>
                <key>id</key>
                <string>4196</string>
                <key>children</key>
                <array>
                    <string>4197</string>
                </array>
            </dict>
            <dict>
                <key>id</key>
                <string>4205</string>
                <key>children</key>
                <array>
                    <string>4206</string>
                </array>
            </dict>
            <dict>
                <key>id</key>
                <string>4246</string>
                <key>children</key>
                <array>
                    <string>4247</string>
                </array>
            </dict>
            <dict>
                <key>id</key>
                <string>4255</string>
                <key>children</key>
                <array>
                    <string>4256</string>
                </array>
            </dict>
            <dict>
                <key>id</key>
                <string>4264</string>
                <key>children</key>
                <array>
                    <string>4265</string>
                </array>
            </dict>
            <dict>
                <key>id</key>
                <string>4273</string>
                <key>children</key>
                <array>
                    <string>4274</string>
                </array>
            </dict>
            <dict>
                <key>id</key>
                <string>4282</string>
                <key>children</key>
                <array>
                    <string>4283</string>
                </array>
            </dict>
            <dict>
                <key>id</key>
                <string>4291</string>
                <key>children</key>
                <array>
                    <string>4292</string>
                </array>
            </dict>
            <dict>
                <key>id</key>
                <string>4301</string>
                <key>children</key>
                <array>
                    <string>4302</string>
                </array>
            </dict>
            <dict>
                <key>id</key>
                <string>4310</string>
                <key>children</key>
                <array>
                    <string>4311</string>
                </array>
            </dict>
            <dict>
                <key>id</key>
                <string>4320</string>
                <key>children</key>
                <array>
                    <string>4321</string>
                </array>
            </dict>
            <dict>
                <key>id</key>
                <string>4329</string>
                <key>children</key>
                <array>
                    <string>4330</string>
                </array>
            </dict>
            <dict>
                <key>id</key>
                <string>4381</string>
                <key>children</key>
                <array>
                    <string>4382</string>
                </array>
            </dict>
            <dict>
                <key>id</key>
                <string>4390</string>
                <key>children</key>
                <array>
                    <string>4391</string>
                </array>
            </dict>
            <dict>
                <key>id</key>
                <string>4399</string>
                <key>children</key>
                <array>
                    <string>4400</string>
                </array>
            </dict>
            <dict>
                <key>id</key>
                <string>4408</string>
                <key>children</key>
                <array>
                    <string>4409</string>
                </array>
            </dict>
            <dict>
                <key>id</key>
                <string>4417</string>
                <key>children</key>
                <array>
                    <string>4418</string>
                </array>
            </dict>
            <dict>
                <key>id</key>
                <string>4426</string>
                <key>children</key>
                <array>
                    <string>4427</string>
                </array>
            </dict>
            <dict>
                <key>id</key>
                <string>4435</string>
                <key>children</key>
                <array>
                    <string>4436</string>
                </array>
            </dict>
            <dict>
                <key>id</key>
                <string>4444</string>
                <key>children</key>
                <array>
                    <string>4445</string>
                </array>
            </dict>
            <dict>
                <key>id</key>
                <string>4453</string>
                <key>children</key>
                <array>
                    <string>4454</string>
                </array>
            </dict>
            <dict>
                <key>id</key>
                <string>4462</string>
                <key>children</key>
                <array>
                    <string>4463</string>
                </array>
            </dict>
            <dict>
                <key>id</key>
                <string>4471</string>
                <key>children</key>
                <array>
                    <string>4472</string>
                </array>
            </dict>
            <dict>
                <key>id</key>
                <string>4480</string>
                <key>children</key>
                <array>
                    <string>4481</string>
                </array>
            </dict>
            <dict>
                <key>id</key>
                <string>4489</string>
                <key>children</key>
                <array>
                    <string>4490</string>
                </array>
            </dict>
            <dict>
                <key>id</key>
                <string>4498</string>
                <key>children</key>
                <array>
                    <string>4499</string>
                </array>
            </dict>
            <dict>
                <key>id</key>
                <string>4507</string>
                <key>children</key>
                <array>
                    <string>4508</string>
                </array>
            </dict>
            <dict>
                <key>id</key>
                <string>4516</string>
                <key>children</key>
                <array>
                    <string>4517</string>
                </array>
            </dict>
            <dict>
                <key>id</key>
                <string>4525</string>
                <key>children</key>
                <array>
                    <string>4526</string>
                </array>
            </dict>
            <dict>
                <key>id</key>
                <string>4534</string>
                <key>children</key>
                <array>
                    <string>4535</string>
                </array>
            </dict>
            <dict>
                <key>id</key>
                <string>4543</string>
                <key>children</key>
                <array>
                    <string>4544</string>
                </array>
            </dict>
            <dict>
                <key>id</key>
                <string>4618</string>
                <key>children</key>
                <array>
                    <string>4619</string>
                </array>
            </dict>
            <dict>
                <key>id</key>
                <string>4669</string>
                <key>children</key>
                <array>
                    <string>4670</string>
                </array>
            </dict>
            <dict>
                <key>id</key>
                <string>4682</string>
                <key>children</key>
                <array>
                    <string>4683</string>
                </array>
            </dict>
            <dict>
                <key>id</key>
                <string>4692</string>
                <key>children</key>
                <array>
                    <string>4693</string>
                </array>
            </dict>
            <dict>
                <key>id</key>
                <string>4702</string>
                <key>children</key>
                <array>
                    <string>4703</string>
                </array>
            </dict>
            <dict>
                <key>id</key>
                <string>4711</string>
                <key>children</key>
                <array>
                    <string>4712</string>
                </array>
            </dict>
            <dict>
                <key>id</key>
                <string>4720</string>
                <key>children</key>
                <array>
                    <string>4721</string>
                </array>
            </dict>
            <dict>
                <key>id</key>
                <string>4729</string>
                <key>children</key>
                <array>
                    <string>4730</string>
                </array>
            </dict>
            <dict>
                <key>id</key>
                <string>4738</string>
                <key>children</key>
                <array>
                    <string>4739</string>
                </array>
            </dict>
            <dict>
                <key>id</key>
                <string>4748</string>
                <key>children</key>
                <array>
                    <string>4749</string>
                </array>
            </dict>
            <dict>
                <key>id</key>
                <string>4757</string>
                <key>children</key>
                <array>
                    <string>4758</string>
                </array>
            </dict>
            <dict>
                <key>id</key>
                <string>4766</string>
                <key>children</key>
                <array>
                    <string>4767</string>
                </array>
            </dict>
            <dict>
                <key>id</key>
                <string>4775</string>
                <key>children</key>
                <array>
                    <string>4776</string>
                </array>
            </dict>
            <dict>
                <key>id</key>
                <string>4784</string>
                <key>children</key>
                <array>
                    <string>4785</string>
                </array>
            </dict>
            <dict>
                <key>id</key>
                <string>4794</string>
                <key>children</key>
                <array>
                    <string>4795</string>
                </array>
            </dict>
            <dict>
                <key>id</key>
                <string>4803</string>
                <key>children</key>
                <array>
                    <string>4804</string>
                </array>
            </dict>
            <dict>
                <key>id</key>
                <string>4812</string>
                <key>children</key>
                <array>
                    <string>4813</string>
                </array>
            </dict>
            <dict>
                <key>id</key>
                <string>4821</string>
                <key>children</key>
                <array>
                    <string>4822</string>
                </array>
            </dict>
            <dict>
                <key>id</key>
                <string>4830</string>
                <key>children</key>
                <array>
                    <string>4831</string>
                </array>
            </dict>
            <dict>
                <key>id</key>
                <string>4839</string>
                <key>children</key>
                <array>
                    <string>4840</string>
                </array>
            </dict>
            <dict>
                <key>id</key>
                <string>4848</string>
                <key>children</key>
                <array>
                    <string>4849</string>
                </array>
            </dict>
            <dict>
                <key>id</key>
                <string>4857</string>
                <key>children</key>
                <array>
                    <string>4858</string>
                </array>
            </dict>
            <dict>
                <key>id</key>
                <string>4866</string>
                <key>children</key>
                <array>
                    <string>4867</string>
                </array>
            </dict>
            <dict>
                <key>id</key>
                <string>4876</string>
                <key>children</key>
                <array>
                    <string>4877</string>
                </array>
            </dict>
            <dict>
                <key>id</key>
                <string>4886</string>
                <key>children</key>
                <array>
                    <string>4887</string>
                </array>
            </dict>
            <dict>
                <key>id</key>
                <string>4895</string>
                <key>children</key>
                <array>
                    <string>4896</string>
                </array>
            </dict>
            <dict>
                <key>id</key>
                <string>4905</string>
                <key>children</key>
                <array>
                    <string>4906</string>
                </array>
            </dict>
            <dict>
                <key>id</key>
                <string>4914</string>
                <key>children</key>
                <array>
                    <string>4915</string>
                </array>
            </dict>
            <dict>
                <key>id</key>
                <string>4923</string>
                <key>children</key>
                <array>
                    <string>4924</string>
                </array>
            </dict>
            <dict>
                <key>id</key>
                <string>4932</string>
                <key>children</key>
                <array>
                    <string>4933</string>
                </array>
            </dict>
            <dict>
                <key>id</key>
                <string>4941</string>
                <key>children</key>
                <array>
                    <string>4942</string>
                </array>
            </dict>
            <dict>
                <key>id</key>
                <string>4956</string>
                <key>children</key>
                <array>
                    <string>4957</string>
                </array>
            </dict>
            <dict>
                <key>id</key>
                <string>4967</string>
                <key>children</key>
                <array>
                    <string>4968</string>
                </array>
            </dict>
            <dict>
                <key>id</key>
                <string>5058</string>
                <key>children</key>
                <array>
                    <string>5059</string>
                </array>
            </dict>
            <dict>
                <key>id</key>
                <string>5067</string>
                <key>children</key>
                <array>
                    <string>5068</string>
                </array>
            </dict>
            <dict>
                <key>id</key>
                <string>5076</string>
                <key>children</key>
                <array>
                    <string>5077</string>
                </array>
            </dict>
            <dict>
                <key>id</key>
                <string>5087</string>
                <key>children</key>
                <array>
                    <string>5088</string>
                </array>
            </dict>
            <dict>
                <key>id</key>
                <string>5096</string>
                <key>children</key>
                <array>
                    <string>5097</string>
                </array>
            </dict>
            <dict>
                <key>id</key>
                <string>5105</string>
                <key>children</key>
                <array>
                    <string>5106</string>
                </array>
            </dict>
            <dict>
                <key>id</key>
                <string>5114</string>
                <key>children</key>
                <array>
                    <string>5115</string>
                </array>
            </dict>
            <dict>
                <key>id</key>
                <string>5123</string>
                <key>children</key>
                <array>
                    <string>5124</string>
                </array>
            </dict>
            <dict>
                <key>id</key>
                <string>5132</string>
                <key>children</key>
                <array>
                    <string>5133</string>
                </array>
            </dict>
            <dict>
                <key>id</key>
                <string>5141</string>
                <key>children</key>
                <array>
                    <string>5142</string>
                </array>
            </dict>
            <dict>
                <key>id</key>
                <string>5150</string>
                <key>children</key>
                <array>
                    <string>5151</string>
                </array>
            </dict>
            <dict>
                <key>id</key>
                <string>5160</string>
                <key>children</key>
                <array>
                    <string>5161</string>
                </array>
            </dict>
            <dict>
                <key>id</key>
                <string>5169</string>
                <key>children</key>
                <array>
                    <string>5170</string>
                </array>
            </dict>
            <dict>
                <key>id</key>
                <string>5178</string>
                <key>children</key>
                <array>
                    <string>5179</string>
                </array>
            </dict>
            <dict>
                <key>id</key>
                <string>5187</string>
                <key>children</key>
                <array>
                    <string>5188</string>
                </array>
            </dict>
            <dict>
                <key>id</key>
                <string>5196</string>
                <key>children</key>
                <array>
                    <string>5197</string>
                </array>
            </dict>
            <dict>
                <key>id</key>
                <string>5230</string>
                <key>children</key>
                <array>
                    <string>5231</string>
                </array>
            </dict>
            <dict>
                <key>id</key>
                <string>5257</string>
                <key>children</key>
                <array>
                    <string>5258</string>
                </array>
            </dict>
            <dict>
                <key>id</key>
                <string>5266</string>
                <key>children</key>
                <array>
                    <string>5267</string>
                </array>
            </dict>
            <dict>
                <key>id</key>
                <string>5275</string>
                <key>children</key>
                <array>
                    <string>5276</string>
                </array>
            </dict>
            <dict>
                <key>id</key>
                <string>5346</string>
                <key>children</key>
                <array>
                    <string>5347</string>
                </array>
            </dict>
            <dict>
                <key>id</key>
                <string>5400</string>
                <key>children</key>
                <array>
                    <string>5401</string>
                </array>
            </dict>
            <dict>
                <key>id</key>
                <string>5409</string>
                <key>children</key>
                <array>
                    <string>5410</string>
                </array>
            </dict>
            <dict>
                <key>id</key>
                <string>5418</string>
                <key>children</key>
                <array>
                    <string>5419</string>
                </array>
            </dict>
            <dict>
                <key>id</key>
                <string>5427</string>
                <key>children</key>
                <array>
                    <string>5428</string>
                </array>
            </dict>
            <dict>
                <key>id</key>
                <string>5439</string>
                <key>children</key>
                <array>
                    <string>5440</string>
                </array>
            </dict>
            <dict>
                <key>id</key>
                <string>5498</string>
                <key>children</key>
                <array>
                    <string>5499</string>
                </array>
            </dict>
            <dict>
                <key>id</key>
                <string>5521</string>
                <key>children</key>
                <array>
                    <string>5522</string>
                </array>
            </dict>
            <dict>
                <key>id</key>
                <string>5546</string>
                <key>children</key>
                <array>
                    <string>5547</string>
                </array>
            </dict>
            <dict>
                <key>id</key>
                <string>5567</string>
                <key>children</key>
                <array>
                    <string>5568</string>
                </array>
            </dict>
            <dict>
                <key>id</key>
                <string>5576</string>
                <key>children</key>
                <array>
                    <string>5577</string>
                </array>
            </dict>
            <dict>
                <key>id</key>
                <string>5586</string>
                <key>children</key>
                <array>
                    <string>5587</string>
                </array>
            </dict>
            <dict>
                <key>id</key>
                <string>5595</string>
                <key>children</key>
                <array>
                    <string>5596</string>
                </array>
            </dict>
            <dict>
                <key>id</key>
                <string>5605</string>
                <key>children</key>
                <array>
                    <string>5606</string>
                </array>
            </dict>
            <dict>
                <key>id</key>
                <string>5614</string>
                <key>children</key>
                <array>
                    <string>5615</string>
                </array>
            </dict>
            <dict>
                <key>id</key>
                <string>5666</string>
                <key>children</key>
                <array>
                    <string>5667</string>
                </array>
            </dict>
            <dict>
                <key>id</key>
                <string>5675</string>
                <key>children</key>
                <array>
                    <string>5676</string>
                </array>
            </dict>
            <dict>
                <key>id</key>
                <string>5684</string>
                <key>children</key>
                <array>
                    <string>5685</string>
                </array>
            </dict>
            <dict>
                <key>id</key>
                <string>5693</string>
                <key>children</key>
                <array>
                    <string>5694</string>
                </array>
            </dict>
            <dict>
                <key>id</key>
                <string>5704</string>
                <key>children</key>
                <array>
                    <string>5705</string>
                </array>
            </dict>
            <dict>
                <key>id</key>
                <string>5713</string>
                <key>children</key>
                <array>
                    <string>5714</string>
                </array>
            </dict>
            <dict>
                <key>id</key>
                <string>5767</string>
                <key>children</key>
                <array>
                    <string>5768</string>
                </array>
            </dict>
            <dict>
                <key>id</key>
                <string>5776</string>
                <key>children</key>
                <array>
                    <string>5777</string>
                </array>
            </dict>
            <dict>
                <key>id</key>
                <string>5785</string>
                <key>children</key>
                <array>
                    <string>5786</string>
                </array>
            </dict>
            <dict>
                <key>id</key>
                <string>5794</string>
                <key>children</key>
                <array>
                    <string>5795</string>
                </array>
            </dict>
            <dict>
                <key>id</key>
                <string>5805</string>
                <key>children</key>
                <array>
                    <string>5806</string>
                </array>
            </dict>
            <dict>
                <key>id</key>
                <string>5814</string>
                <key>children</key>
                <array>
                    <string>5815</string>
                </array>
            </dict>
            <dict>
                <key>id</key>
                <string>5826</string>
                <key>children</key>
                <array>
                    <string>5827</string>
                </array>
            </dict>
            <dict>
                <key>id</key>
                <string>5835</string>
                <key>children</key>
                <array>
                    <string>5836</string>
                </array>
            </dict>
            <dict>
                <key>id</key>
                <string>5918</string>
                <key>children</key>
                <array>
                    <string>5919</string>
                </array>
            </dict>
            <dict>
                <key>id</key>
                <string>5927</string>
                <key>children</key>
                <array>
                    <string>5928</string>
                </array>
            </dict>
            <dict>
                <key>id</key>
                <string>5936</string>
                <key>children</key>
                <array>
                    <string>5937</string>
                </array>
            </dict>
            <dict>
                <key>id</key>
                <string>5946</string>
                <key>children</key>
                <array>
                    <string>5947</string>
                </array>
            </dict>
            <dict>
                <key>id</key>
                <string>5964</string>
                <key>children</key>
                <array>
                    <string>5988</string>
                </array>
            </dict>
            <dict>
                <key>id</key>
                <string>6011</string>
                <key>children</key>
                <array>
                    <string>6012</string>
                </array>
            </dict>
            <dict>
                <key>id</key>
                <string>6047</string>
                <key>children</key>
                <array>
                    <string>6048</string>
                </array>
            </dict>
            <dict>
                <key>id</key>
                <string>6060</string>
                <key>children</key>
                <array>
                    <string>6061</string>
                </array>
            </dict>
            <dict>
                <key>id</key>
                <string>6069</string>
                <key>children</key>
                <array>
                    <string>6070</string>
                </array>
            </dict>
            <dict>
                <key>id</key>
                <string>6078</string>
                <key>children</key>
                <array>
                    <string>6079</string>
                </array>
            </dict>
            <dict>
                <key>id</key>
                <string>6088</string>
                <key>children</key>
                <array>
                    <string>6089</string>
                </array>
            </dict>
            <dict>
                <key>id</key>
                <string>6098</string>
                <key>children</key>
                <array>
                    <string>6099</string>
                </array>
            </dict>
            <dict>
                <key>id</key>
                <string>6108</string>
                <key>children</key>
                <array>
                    <string>6109</string>
                </array>
            </dict>
            <dict>
                <key>id</key>
                <string>6117</string>
                <key>children</key>
                <array>
                    <string>6118</string>
                </array>
            </dict>
            <dict>
                <key>id</key>
                <string>6126</string>
                <key>children</key>
                <array>
                    <string>6127</string>
                </array>
            </dict>
            <dict>
                <key>id</key>
                <string>6135</string>
                <key>children</key>
                <array>
                    <string>6136</string>
                </array>
            </dict>
            <dict>
                <key>id</key>
                <string>6144</string>
                <key>children</key>
                <array>
                    <string>6145</string>
                </array>
            </dict>
            <dict>
                <key>id</key>
                <string>6153</string>
                <key>children</key>
                <array>
                    <string>6154</string>
                </array>
            </dict>
            <dict>
                <key>id</key>
                <string>6162</string>
                <key>children</key>
                <array>
                    <string>6163</string>
                </array>
            </dict>
            <dict>
                <key>id</key>
                <string>6171</string>
                <key>children</key>
                <array>
                    <string>6172</string>
                </array>
            </dict>
            <dict>
                <key>id</key>
                <string>6180</string>
                <key>children</key>
                <array>
                    <string>6181</string>
                </array>
            </dict>
            <dict>
                <key>id</key>
                <string>6189</string>
                <key>children</key>
                <array>
                    <string>6190</string>
                </array>
            </dict>
            <dict>
                <key>id</key>
                <string>6284</string>
                <key>children</key>
                <array>
                    <string>6285</string>
                </array>
            </dict>
            <dict>
                <key>id</key>
                <string>6293</string>
                <key>children</key>
                <array>
                    <string>6294</string>
                </array>
            </dict>
            <dict>
                <key>id</key>
                <string>6302</string>
                <key>children</key>
                <array>
                    <string>6303</string>
                </array>
            </dict>
            <dict>
                <key>id</key>
                <string>6311</string>
                <key>children</key>
                <array>
                    <string>6312</string>
                </array>
            </dict>
            <dict>
                <key>id</key>
                <string>6355</string>
                <key>children</key>
                <array>
                    <string>6356</string>
                </array>
            </dict>
            <dict>
                <key>id</key>
                <string>6364</string>
                <key>children</key>
                <array>
                    <string>6365</string>
                </array>
            </dict>
            <dict>
                <key>id</key>
                <string>6373</string>
                <key>children</key>
                <array>
                    <string>6374</string>
                </array>
            </dict>
            <dict>
                <key>id</key>
                <string>6382</string>
                <key>children</key>
                <array>
                    <string>6383</string>
                </array>
            </dict>
            <dict>
                <key>id</key>
                <string>6415</string>
                <key>children</key>
                <array>
                    <string>6416</string>
                </array>
            </dict>
            <dict>
                <key>id</key>
                <string>6424</string>
                <key>children</key>
                <array>
                    <string>6425</string>
                </array>
            </dict>
            <dict>
                <key>id</key>
                <string>6433</string>
                <key>children</key>
                <array>
                    <string>6434</string>
                </array>
            </dict>
            <dict>
                <key>id</key>
                <string>6442</string>
                <key>children</key>
                <array>
                    <string>6443</string>
                </array>
            </dict>
            <dict>
                <key>id</key>
                <string>6451</string>
                <key>children</key>
                <array>
                    <string>6452</string>
                </array>
            </dict>
            <dict>
                <key>id</key>
                <string>6460</string>
                <key>children</key>
                <array>
                    <string>6461</string>
                </array>
            </dict>
            <dict>
                <key>id</key>
                <string>6469</string>
                <key>children</key>
                <array>
                    <string>6470</string>
                </array>
            </dict>
            <dict>
                <key>id</key>
                <string>6478</string>
                <key>children</key>
                <array>
                    <string>6479</string>
                </array>
            </dict>
            <dict>
                <key>id</key>
                <string>6487</string>
                <key>children</key>
                <array>
                    <string>6488</string>
                </array>
            </dict>
            <dict>
                <key>id</key>
                <string>6496</string>
                <key>children</key>
                <array>
                    <string>6497</string>
                </array>
            </dict>
            <dict>
                <key>id</key>
                <string>6505</string>
                <key>children</key>
                <array>
                    <string>6506</string>
                </array>
            </dict>
            <dict>
                <key>id</key>
                <string>6514</string>
                <key>children</key>
                <array>
                    <string>6515</string>
                </array>
            </dict>
            <dict>
                <key>id</key>
                <string>6523</string>
                <key>children</key>
                <array>
                    <string>6524</string>
                </array>
            </dict>
            <dict>
                <key>id</key>
                <string>6534</string>
                <key>children</key>
                <array>
                    <string>6535</string>
                </array>
            </dict>
            <dict>
                <key>id</key>
                <string>6545</string>
                <key>children</key>
                <array>
                    <string>6546</string>
                </array>
            </dict>
            <dict>
                <key>id</key>
                <string>6563</string>
                <key>children</key>
                <array>
                    <string>6564</string>
                </array>
            </dict>
            <dict>
                <key>id</key>
                <string>6572</string>
                <key>children</key>
                <array>
                    <string>6573</string>
                </array>
            </dict>
            <dict>
                <key>id</key>
                <string>6581</string>
                <key>children</key>
                <array>
                    <string>6582</string>
                </array>
            </dict>
            <dict>
                <key>id</key>
                <string>6590</string>
                <key>children</key>
                <array>
                    <string>6591</string>
                </array>
            </dict>
            <dict>
                <key>id</key>
                <string>6599</string>
                <key>children</key>
                <array>
                    <string>6600</string>
                </array>
            </dict>
            <dict>
                <key>id</key>
                <string>6608</string>
                <key>children</key>
                <array>
                    <string>6609</string>
                </array>
            </dict>
            <dict>
                <key>id</key>
                <string>6617</string>
                <key>children</key>
                <array>
                    <string>6618</string>
                </array>
            </dict>
            <dict>
                <key>id</key>
                <string>6626</string>
                <key>children</key>
                <array>
                    <string>6627</string>
                </array>
            </dict>
            <dict>
                <key>id</key>
                <string>6635</string>
                <key>children</key>
                <array>
                    <string>6636</string>
                </array>
            </dict>
            <dict>
                <key>id</key>
                <string>6644</string>
                <key>children</key>
                <array>
                    <string>6645</string>
                </array>
            </dict>
            <dict>
                <key>id</key>
                <string>6653</string>
                <key>children</key>
                <array>
                    <string>6654</string>
                </array>
            </dict>
            <dict>
                <key>id</key>
                <string>6662</string>
                <key>children</key>
                <array>
                    <string>6663</string>
                </array>
            </dict>
            <dict>
                <key>id</key>
                <string>6671</string>
                <key>children</key>
                <array>
                    <string>6672</string>
                </array>
            </dict>
            <dict>
                <key>id</key>
                <string>6733</string>
                <key>children</key>
                <array>
                    <string>6734</string>
                </array>
            </dict>
            <dict>
                <key>id</key>
                <string>6742</string>
                <key>children</key>
                <array>
                    <string>6743</string>
                </array>
            </dict>
            <dict>
                <key>id</key>
                <string>6751</string>
                <key>children</key>
                <array>
                    <string>6752</string>
                </array>
            </dict>
            <dict>
                <key>id</key>
                <string>6760</string>
                <key>children</key>
                <array>
                    <string>6761</string>
                </array>
            </dict>
            <dict>
                <key>id</key>
                <string>6769</string>
                <key>children</key>
                <array>
                    <string>6770</string>
                </array>
            </dict>
            <dict>
                <key>id</key>
                <string>6778</string>
                <key>children</key>
                <array>
                    <string>6779</string>
                </array>
            </dict>
            <dict>
                <key>id</key>
                <string>6787</string>
                <key>children</key>
                <array>
                    <string>6788</string>
                </array>
            </dict>
            <dict>
                <key>id</key>
                <string>6796</string>
                <key>children</key>
                <array>
                    <string>6797</string>
                </array>
            </dict>
            <dict>
                <key>id</key>
                <string>6805</string>
                <key>children</key>
                <array>
                    <string>6806</string>
                </array>
            </dict>
            <dict>
                <key>id</key>
                <string>6814</string>
                <key>children</key>
                <array>
                    <string>6815</string>
                </array>
            </dict>
            <dict>
                <key>id</key>
                <string>6823</string>
                <key>children</key>
                <array>
                    <string>6824</string>
                </array>
            </dict>
            <dict>
                <key>id</key>
                <string>6832</string>
                <key>children</key>
                <array>
                    <string>6833</string>
                </array>
            </dict>
            <dict>
                <key>id</key>
                <string>6841</string>
                <key>children</key>
                <array>
                    <string>6842</string>
                </array>
            </dict>
            <dict>
                <key>id</key>
                <string>6850</string>
                <key>children</key>
                <array>
                    <string>6851</string>
                </array>
            </dict>
            <dict>
                <key>id</key>
                <string>6922</string>
                <key>children</key>
                <array>
                    <string>6923</string>
                </array>
            </dict>
            <dict>
                <key>id</key>
                <string>6931</string>
                <key>children</key>
                <array>
                    <string>6932</string>
                </array>
            </dict>
            <dict>
                <key>id</key>
                <string>6940</string>
                <key>children</key>
                <array>
                    <string>6941</string>
                </array>
            </dict>
            <dict>
                <key>id</key>
                <string>6949</string>
                <key>children</key>
                <array>
                    <string>6950</string>
                </array>
            </dict>
            <dict>
                <key>id</key>
                <string>6959</string>
                <key>children</key>
                <array>
                    <string>6960</string>
                </array>
            </dict>
            <dict>
                <key>id</key>
                <string>6968</string>
                <key>children</key>
                <array>
                    <string>6969</string>
                </array>
            </dict>
            <dict>
                <key>id</key>
                <string>7015</string>
                <key>children</key>
                <array>
                    <string>7016</string>
                </array>
            </dict>
            <dict>
                <key>id</key>
                <string>7024</string>
                <key>children</key>
                <array>
                    <string>7025</string>
                </array>
            </dict>
            <dict>
                <key>id</key>
                <string>7033</string>
                <key>children</key>
                <array>
                    <string>7034</string>
                </array>
            </dict>
            <dict>
                <key>id</key>
                <string>7042</string>
                <key>children</key>
                <array>
                    <string>7043</string>
                </array>
            </dict>
            <dict>
                <key>id</key>
                <string>7051</string>
                <key>children</key>
                <array>
                    <string>7052</string>
                </array>
            </dict>
            <dict>
                <key>id</key>
                <string>7060</string>
                <key>children</key>
                <array>
                    <string>7061</string>
                </array>
            </dict>
            <dict>
                <key>id</key>
                <string>7069</string>
                <key>children</key>
                <array>
                    <string>7070</string>
                </array>
            </dict>
            <dict>
                <key>id</key>
                <string>7079</string>
                <key>children</key>
                <array>
                    <string>7080</string>
                </array>
            </dict>
            <dict>
                <key>id</key>
                <string>7088</string>
                <key>children</key>
                <array>
                    <string>7089</string>
                </array>
            </dict>
            <dict>
                <key>id</key>
                <string>7097</string>
                <key>children</key>
                <array>
                    <string>7098</string>
                </array>
            </dict>
            <dict>
                <key>id</key>
                <string>7107</string>
                <key>children</key>
                <array>
                    <string>7108</string>
                </array>
            </dict>
            <dict>
                <key>id</key>
                <string>7116</string>
                <key>children</key>
                <array>
                    <string>7117</string>
                </array>
            </dict>
            <dict>
                <key>id</key>
                <string>7125</string>
                <key>children</key>
                <array>
                    <string>7126</string>
                </array>
            </dict>
            <dict>
                <key>id</key>
                <string>7135</string>
                <key>children</key>
                <array>
                    <string>7136</string>
                </array>
            </dict>
            <dict>
                <key>id</key>
                <string>7144</string>
                <key>children</key>
                <array>
                    <string>7145</string>
                </array>
            </dict>
            <dict>
                <key>id</key>
                <string>7153</string>
                <key>children</key>
                <array>
                    <string>7154</string>
                </array>
            </dict>
            <dict>
                <key>id</key>
                <string>7288</string>
                <key>children</key>
                <array>
                    <string>7289</string>
                </array>
            </dict>
            <dict>
                <key>id</key>
                <string>7297</string>
                <key>children</key>
                <array>
                    <string>7298</string>
                </array>
            </dict>
            <dict>
                <key>id</key>
                <string>7306</string>
                <key>children</key>
                <array>
                    <string>7307</string>
                </array>
            </dict>
            <dict>
                <key>id</key>
                <string>7315</string>
                <key>children</key>
                <array>
                    <string>7316</string>
                </array>
            </dict>
        </array>
    </dict>
</plist>
