<?xml version="1.0" encoding="UTF-8"?>
<!DOCTYPE plist PUBLIC "-//Apple//DTD PLIST 1.0//EN" "http://www.apple.com/DTDs/PropertyList-1.0.dtd"/>

<plist version="1.0">
    <dict>
        <key>ROOT</key>
        <array>
            <dict>
                <key>id</key>
                <string>2392</string>
                <key>Idle Animation</key>
                <dict>
                    <key>value</key>
                    <string>2394</string>
                </dict>
            </dict>
            <dict>
                <key>id</key>
                <string>4616</string>
                <key>Idle Animation</key>
                <dict>
                    <key>value</key>
                    <string>4618</string>
                </dict>
            </dict>
            <dict>
                <key>id</key>
                <string>4667</string>
                <key>Idle Animation</key>
                <dict>
                    <key>value</key>
                    <string>4669</string>
                </dict>
            </dict>
            <dict>
                <key>id</key>
                <string>4954</string>
                <key>Idle Animation</key>
                <dict>
                    <key>value</key>
                    <string>4956</string>
                </dict>
            </dict>
            <dict>
                <key>id</key>
                <string>5228</string>
                <key>Idle Animation</key>
                <dict>
                    <key>value</key>
                    <string>5230</string>
                </dict>
            </dict>
            <dict>
                <key>id</key>
                <string>5519</string>
                <key>Idle Animation</key>
                <dict>
                    <key>value</key>
                    <string>5521</string>
                </dict>
            </dict>
            <dict>
                <key>id</key>
                <string>6532</string>
                <key>Idle Animation</key>
                <dict>
                    <key>value</key>
                    <string>6534</string>
                </dict>
            </dict>
            <dict>
                <key>id</key>
                <string>6543</string>
                <key>Idle Animation</key>
                <dict>
                    <key>value</key>
                    <string>6545</string>
                </dict>
            </dict>
            <dict>
                <key>id</key>
                <string>5344</string>
                <key>Idle Animation</key>
                <dict>
                    <key>value</key>
                    <string>5346</string>
                </dict>
            </dict>
        </array>
    </dict>
</plist>
