<?xml version="1.0" encoding="UTF-8"?>
<!DOCTYPE plist PUBLIC "-//Apple//DTD PLIST 1.0//EN" "http://www.apple.com/DTDs/PropertyList-1.0.dtd"/>

<plist version="1.0">
    <dict>
        <key>ROOT</key>
        <array>
            <dict>
                <key>id</key>
                <string>1940</string>
                <key>className</key>
                <string>PTModelAssetCharacter</string>
                <key>Name</key>
                <dict>
                    <key>value</key>
                    <string>Idle (3)</string>
                </dict>
                <key>Collision Shape</key>
                <dict>
                    <key>id</key>
                    <string>1941</string>
                    <key>className</key>
                    <string>PTModelPolygon</string>
                    <key>Name</key>
                    <dict>
                        <key>value</key>
                        <string></string>
                    </dict>
                    <key>points</key>
                    <array>
                        <string>{-198.000000,-247.000000}</string>
                        <string>{108.000000,-247.000000}</string>
                        <string>{108.000000,244.000000}</string>
                        <string>{-198.000000,244.000000}</string>
                    </array>
                    <key>oneWayCollisionVector</key>
                    <string>{0.000000,0.000000}</string>
                    <key>shapeType</key>
                    <string>1</string>
                </dict>
                <key>Game Over Delay</key>
                <dict>
                    <key>animations</key>
                    <array/>
                </dict>
                <key>Camera Shake</key>
                <dict>
                    <key>animations</key>
                    <array/>
                </dict>
                <key>Camera Flash</key>
                <dict>
                    <key>animations</key>
                    <array/>
                </dict>
                <key>Fall Attribute</key>
                <dict>
                    <key>animations</key>
                    <array/>
                </dict>
                <key>Purchase Method</key>
                <dict>
                    <key>selectedStringValue</key>
                    <string>kRewardedVideos</string>
                </dict>
                <key>Price</key>
                <dict>
                    <key>visible</key>
                    <string>0</string>
                    <key>animations</key>
                    <array/>
                </dict>
                <key>Store Identifier</key>
                <dict>
                    <key>visible</key>
                    <string>0</string>
                    <key>value</key>
                    <string></string>
                </dict>
                <key>Ad Network</key>
                <dict>
                    <key>selectedStringValue</key>
                    <string>kHeyzap</string>
                </dict>
            </dict>
        </array>
    </dict>
</plist>
