<?xml version="1.0" encoding="UTF-8"?>
<!DOCTYPE plist PUBLIC "-//Apple//DTD PLIST 1.0//EN" "http://www.apple.com/DTDs/PropertyList-1.0.dtd"/>

<plist version="1.0">
    <dict>
        <key>ROOT</key>
        <array>
            <dict>
                <key>id</key>
                <string>217</string>
                <key>Emitters</key>
                <dict>
                    <key>emitters</key>
                    <array>
                        <string>221</string>
                    </array>
                </dict>
            </dict>
            <dict>
                <key>id</key>
                <string>231</string>
                <key>Emitters</key>
                <dict>
                    <key>emitters</key>
                    <array>
                        <string>233</string>
                    </array>
                </dict>
            </dict>
            <dict>
                <key>id</key>
                <string>584</string>
                <key>Emitters</key>
                <dict>
                    <key>emitters</key>
                    <array>
                        <string>586</string>
                    </array>
                </dict>
            </dict>
            <dict>
                <key>id</key>
                <string>945</string>
                <key>Emitters</key>
                <dict>
                    <key>emitters</key>
                    <array>
                        <string>947</string>
                    </array>
                </dict>
            </dict>
            <dict>
                <key>id</key>
                <string>951</string>
                <key>Emitters</key>
                <dict>
                    <key>emitters</key>
                    <array>
                        <string>953</string>
                        <string>956</string>
                    </array>
                </dict>
            </dict>
            <dict>
                <key>id</key>
                <string>984</string>
                <key>Emitters</key>
                <dict>
                    <key>emitters</key>
                    <array>
                        <string>990</string>
                    </array>
                </dict>
            </dict>
            <dict>
                <key>id</key>
                <string>1047</string>
                <key>Emitters</key>
                <dict>
                    <key>emitters</key>
                    <array>
                        <string>1049</string>
                    </array>
                </dict>
            </dict>
            <dict>
                <key>id</key>
                <string>1251</string>
                <key>Emitters</key>
                <dict>
                    <key>emitters</key>
                    <array>
                        <string>1253</string>
                    </array>
                </dict>
            </dict>
            <dict>
                <key>id</key>
                <string>1317</string>
                <key>Emitters</key>
                <dict>
                    <key>emitters</key>
                    <array>
                        <string>1319</string>
                        <string>1320</string>
                    </array>
                </dict>
            </dict>
            <dict>
                <key>id</key>
                <string>2290</string>
                <key>Emitters</key>
                <dict>
                    <key>emitters</key>
                    <array>
                        <string>2292</string>
                    </array>
                </dict>
            </dict>
            <dict>
                <key>id</key>
                <string>6230</string>
                <key>Emitters</key>
                <dict>
                    <key>emitters</key>
                    <array>
                        <string>6232</string>
                    </array>
                </dict>
            </dict>
            <dict>
                <key>id</key>
                <string>6236</string>
                <key>Emitters</key>
                <dict>
                    <key>emitters</key>
                    <array>
                        <string>6238</string>
                    </array>
                </dict>
            </dict>
            <dict>
                <key>id</key>
                <string>6242</string>
                <key>Emitters</key>
                <dict>
                    <key>emitters</key>
                    <array>
                        <string>6244</string>
                    </array>
                </dict>
            </dict>
            <dict>
                <key>id</key>
                <string>6248</string>
                <key>Emitters</key>
                <dict>
                    <key>emitters</key>
                    <array>
                        <string>6250</string>
                    </array>
                </dict>
            </dict>
            <dict>
                <key>id</key>
                <string>6254</string>
                <key>Emitters</key>
                <dict>
                    <key>emitters</key>
                    <array>
                        <string>6256</string>
                    </array>
                </dict>
            </dict>
            <dict>
                <key>id</key>
                <string>6260</string>
                <key>Emitters</key>
                <dict>
                    <key>emitters</key>
                    <array>
                        <string>6262</string>
                    </array>
                </dict>
            </dict>
            <dict>
                <key>id</key>
                <string>6266</string>
                <key>Emitters</key>
                <dict>
                    <key>emitters</key>
                    <array>
                        <string>6268</string>
                    </array>
                </dict>
            </dict>
            <dict>
                <key>id</key>
                <string>6272</string>
                <key>Emitters</key>
                <dict>
                    <key>emitters</key>
                    <array>
                        <string>6274</string>
                    </array>
                </dict>
            </dict>
            <dict>
                <key>id</key>
                <string>6278</string>
                <key>Emitters</key>
                <dict>
                    <key>emitters</key>
                    <array>
                        <string>6280</string>
                    </array>
                </dict>
            </dict>
            <dict>
                <key>id</key>
                <string>7189</string>
                <key>Emitters</key>
                <dict>
                    <key>emitters</key>
                    <array>
                        <string>7191</string>
                    </array>
                </dict>
            </dict>
            <dict>
                <key>id</key>
                <string>7201</string>
                <key>Emitters</key>
                <dict>
                    <key>emitters</key>
                    <array>
                        <string>7203</string>
                    </array>
                </dict>
            </dict>
            <dict>
                <key>id</key>
                <string>7213</string>
                <key>Emitters</key>
                <dict>
                    <key>emitters</key>
                    <array>
                        <string>7215</string>
                    </array>
                </dict>
            </dict>
            <dict>
                <key>id</key>
                <string>7225</string>
                <key>Emitters</key>
                <dict>
                    <key>emitters</key>
                    <array>
                        <string>7227</string>
                    </array>
                </dict>
            </dict>
            <dict>
                <key>id</key>
                <string>7237</string>
                <key>Emitters</key>
                <dict>
                    <key>emitters</key>
                    <array>
                        <string>7239</string>
                    </array>
                </dict>
            </dict>
            <dict>
                <key>id</key>
                <string>7249</string>
                <key>Emitters</key>
                <dict>
                    <key>emitters</key>
                    <array>
                        <string>7251</string>
                    </array>
                </dict>
            </dict>
        </array>
    </dict>
</plist>
